,Date,Price,Open,High,Low,Vol.,Change
0,Apr-28-2023,29177.5,29655.0,29705.0,28890.0,0.85K,-1.73%
1,Apr-27-2023,29690.0,28670.0,29920.0,28210.0,11.29K,6.42%
2,Apr-26-2023,27900.0,28320.0,30050.0,27250.0,14.87K,1.07%
3,Apr-25-2023,27605.0,27450.0,28070.0,27195.0,7.93K,0.75%
4,Apr-24-2023,27400.0,27425.0,28010.0,26980.0,7.46K,-1.31%
5,Apr-23-2023,27765.0,29422.5,29422.5,27575.0,-,1.67%
6,Apr-21-2023,27310.0,28240.0,28360.0,27195.0,6.27K,-2.79%
7,Apr-20-2023,28095.0,29195.0,29255.0,27985.0,7.61K,-4.00%
8,Apr-19-2023,29265.0,30435.0,30520.0,29010.0,7.62K,-3.50%
9,Apr-18-2023,30325.0,29555.0,30590.0,29145.0,5.58K,2.62%
10,Apr-17-2023,29550.0,30585.0,30585.0,29285.0,6.90K,-3.45%
11,Apr-16-2023,30605.0,31225.0,31225.0,30585.0,-,0.44%
12,Apr-14-2023,30470.0,30445.0,31200.0,30065.0,7.29K,-0.20%
13,Apr-13-2023,30530.0,30035.0,30900.0,29940.0,5.87K,2.02%
14,Apr-12-2023,29925.0,30365.0,30710.0,29800.0,5.86K,-1.32%
15,Apr-11-2023,30325.0,29445.0,30775.0,29435.0,8.51K,3.08%
16,Apr-10-2023,29420.0,28505.0,29670.0,28265.0,9.75K,2.71%
17,Apr-09-2023,28645.0,27575.0,28822.5,27575.0,-,2.14%
18,Apr-07-2023,28045.0,28302.5,28372.5,28020.0,-,-0.34%
19,Apr-06-2023,28140.0,28350.0,28350.0,27765.0,5.24K,-0.86%
20,Apr-05-2023,28385.0,28390.0,28985.0,27935.0,8.24K,0.04%
21,Apr-04-2023,28375.0,27930.0,28650.0,27855.0,7.00K,0.67%
22,Apr-03-2023,28185.0,28575.0,28885.0,24650.0,-,-1.36%
23,Apr-02-2023,28575.0,28405.0,28597.5,28395.0,-,0.35%
24,Mar-31-2023,28476.5,28090.0,28625.0,27620.0,0.87K,1.83%
25,Mar-30-2023,27965.0,28355.0,29220.0,27680.0,9.73K,-1.67%
26,Mar-29-2023,28440.0,27170.0,28685.0,27170.0,9.85K,3.59%
27,Mar-28-2023,27455.0,27175.0,27545.0,26650.0,9.90K,1.76%
28,Mar-27-2023,26980.0,27960.0,28240.0,26520.0,11.15K,-3.83%
29,Mar-26-2023,28055.0,27800.0,28235.0,27800.0,-,0.50%
30,Mar-24-2023,27915.0,28385.0,28570.0,27480.0,5.85K,-2.22%
31,Mar-23-2023,28550.0,27200.0,28935.0,27075.0,11.42K,6.53%
32,Mar-22-2023,26800.0,28210.0,29045.0,26700.0,10.98K,-5.33%
33,Mar-21-2023,28310.0,28150.0,28680.0,27555.0,6.29K,1.31%
34,Mar-20-2023,27945.0,28095.0,28715.0,27320.0,9.81K,-0.73%
35,Mar-19-2023,28150.0,26235.0,28490.0,26235.0,-,4.26%
36,Mar-17-2023,27000.0,25040.0,27155.0,25000.0,12.87K,7.61%
37,Mar-16-2023,25090.0,24610.0,25300.0,24250.0,6.50K,2.45%
38,Mar-15-2023,24490.0,24655.0,25440.0,24005.0,13.89K,-2.97%
39,Mar-14-2023,25240.0,24230.0,26615.0,24030.0,16.27K,3.42%
40,Mar-13-2023,24405.0,21250.0,24620.0,21110.0,28.14K,10.78%
41,Mar-12-2023,22030.0,19970.0,22182.5,19970.0,-,10.34%
42,Mar-10-2023,19965.0,20300.0,20330.0,19520.0,13.50K,-0.50%
43,Mar-09-2023,20065.0,21800.0,21850.0,19960.0,14.04K,-9.27%
44,Mar-08-2023,22115.0,22100.0,22300.0,21880.0,6.28K,0.20%
45,Mar-07-2023,22070.0,22455.0,22600.0,21940.0,6.74K,-1.43%
46,Mar-06-2023,22390.0,22455.0,22665.0,22300.0,4.80K,-0.29%
47,Mar-05-2023,22455.0,22247.5,22492.5,22232.5,-,0.60%
48,Mar-03-2023,22320.0,23560.0,23615.0,22020.0,12.04K,-5.38%
49,Mar-02-2023,23590.0,23645.0,23925.0,23300.0,4.72K,0.25%
50,Mar-01-2023,23530.0,23275.0,24165.0,23140.0,6.34K,0.51%
51,Feb-28-2023,23410.0,23585.0,23780.0,23150.0,4.90K,-0.85%
52,Feb-27-2023,23610.0,23662.5,24060.0,23245.0,-,-0.23%
53,Feb-26-2023,23665.0,23325.0,23770.0,23267.5,-,0.38%
54,Feb-24-2023,23576.1,23880.0,24100.0,23560.0,-,-1.44%
55,Feb-23-2023,23920.0,24100.0,24610.0,23620.0,11.77K,0.50%
56,Feb-22-2023,23800.0,24395.0,24495.0,23590.0,13.56K,-2.82%
57,Feb-21-2023,24490.0,24505.0,25335.0,23905.0,19.03K,-1.63%
58,Feb-20-2023,24895.0,24355.0,25170.0,23907.5,-,2.26%
59,Feb-19-2023,24345.0,24705.0,24750.0,24275.0,-,-2.11%
60,Feb-17-2023,24870.0,24080.0,25095.0,23430.0,12.41K,0.93%
61,Feb-16-2023,24640.0,24285.0,25345.0,24245.0,16.55K,1.61%
62,Feb-15-2023,24250.0,22270.0,24415.0,22100.0,10.95K,8.57%
63,Feb-14-2023,22335.0,21700.0,22375.0,21575.0,8.59K,2.88%
64,Feb-13-2023,21710.0,21820.0,21930.0,21380.0,7.44K,-0.49%
65,Feb-12-2023,21817.5,21802.5,21880.0,21707.5,-,0.20%
66,Feb-10-2023,21775.0,21825.0,21970.0,21505.0,6.15K,-1.07%
67,Feb-09-2023,22010.0,23015.0,23085.0,21720.0,10.27K,-3.82%
68,Feb-08-2023,22885.0,23300.0,23540.0,22695.0,5.59K,-1.78%
69,Feb-07-2023,23300.0,22960.0,23460.0,22725.0,5.73K,0.82%
70,Feb-06-2023,23110.0,23100.0,23275.0,22755.0,4.86K,0.25%
71,Feb-05-2023,23052.5,23730.0,23730.0,23032.5,-,-1.84%
72,Feb-03-2023,23485.0,23665.0,23890.0,23340.0,6.47K,-2.17%
73,Feb-02-2023,24005.0,23940.0,24450.0,23550.0,7.69K,1.05%
74,Feb-01-2023,23755.0,23335.0,23965.0,22905.0,5.61K,2.17%
75,Jan-31-2023,23250.0,22870.0,23410.0,22850.0,3.49K,1.23%
76,Jan-30-2023,22967.5,23937.5,23982.5,22715.0,-,-4.03%
77,Jan-29-2023,23932.5,23355.0,24080.0,23355.0,-,3.82%
78,Jan-27-2023,23052.7,22955.0,23090.0,22545.0,1.50K,-0.10%
79,Jan-26-2023,23075.0,23100.0,23285.0,22835.0,11.15K,0.59%
80,Jan-25-2023,22940.0,22770.0,23770.0,22345.0,10.97K,-0.54%
81,Jan-24-2023,23065.0,22990.0,23210.0,22775.0,7.98K,-0.11%
82,Jan-23-2023,23090.0,22605.0,23240.0,22585.0,10.73K,1.41%
83,Jan-22-2023,22770.0,22617.5,22837.5,22332.5,-,1.70%
84,Jan-20-2023,22390.0,21155.0,22525.0,20935.0,9.47K,5.61%
85,Jan-19-2023,21200.0,20905.0,21275.0,20730.0,5.32K,1.92%
86,Jan-18-2023,20800.0,21325.0,21795.0,20460.0,13.11K,-3.19%
87,Jan-17-2023,21485.0,20985.0,21725.0,20690.0,12.71K,1.07%
88,Jan-16-2023,21257.5,20967.5,21545.0,20690.0,-,1.36%
89,Jan-15-2023,20972.5,21017.5,21022.5,20920.0,-,7.28%
90,Jan-13-2023,19550.0,18945.0,19995.0,18785.0,7.03K,2.06%
91,Jan-12-2023,19155.0,17625.0,19200.0,17615.0,14.04K,8.74%
92,Jan-11-2023,17615.0,17490.0,17635.0,17330.0,4.67K,0.46%
93,Jan-10-2023,17535.0,17180.0,17555.0,17135.0,5.07K,1.80%
94,Jan-09-2023,17225.0,16980.0,17440.0,16955.0,7.47K,1.56%
95,Jan-08-2023,16960.0,16990.0,16990.0,16947.5,-,0.38%
96,Jan-06-2023,16895.0,16825.0,17085.0,16645.0,6.14K,0.33%
97,Jan-05-2023,16840.0,16810.0,16890.0,16715.0,3.41K,0.36%
98,Jan-04-2023,16780.0,16625.0,17015.0,16610.0,7.39K,0.99%
99,Jan-03-2023,16615.0,16675.0,16765.0,16525.0,4.09K,-0.23%
100,Jan-02-2023,16652.5,16492.5,16725.0,16492.5,-,0.94%
101,Dec-30-2022,16498.1,16615.0,16625.0,16285.0,0.50K,-0.52%
102,Dec-29-2022,16585.0,16510.0,16640.0,16435.0,6.60K,0.09%
103,Dec-28-2022,16570.0,16640.0,16760.0,16420.0,9.93K,-0.15%
104,Dec-27-2022,16595.0,16825.0,16950.0,16515.0,7.69K,-1.92%
105,Dec-26-2022,16920.0,16697.5,16922.5,16697.5,-,0.83%
106,Dec-23-2022,16780.0,16760.0,16910.0,16695.0,5.71K,0.27%
107,Dec-22-2022,16735.0,16725.0,16850.0,16460.0,5.53K,0.00%
108,Dec-21-2022,16735.0,16870.0,16885.0,16670.0,2.30K,-0.62%
109,Dec-20-2022,16840.0,16325.0,17095.0,16275.0,5.60K,2.09%
110,Dec-19-2022,16495.0,16690.0,16770.0,16395.0,4.39K,-1.05%
111,Dec-18-2022,16670.0,16625.0,16942.5,16395.0,-,-0.63%
112,Dec-16-2022,16775.0,17340.0,17525.0,16675.0,7.27K,-3.56%
113,Dec-15-2022,17395.0,17840.0,17875.0,17290.0,5.85K,-2.25%
114,Dec-14-2022,17795.0,17775.0,18420.0,17680.0,7.81K,0.28%
115,Dec-13-2022,17745.0,17170.0,18125.0,17050.0,9.18K,3.68%
116,Dec-12-2022,17115.0,17080.0,17220.0,16820.0,4.19K,0.54%
117,Dec-11-2022,17022.5,17005.0,17090.0,16995.0,-,-0.07%
118,Dec-09-2022,17035.0,17240.0,17355.0,17005.0,4.44K,-0.87%
119,Dec-08-2022,17185.0,16760.0,17320.0,16665.0,7.12K,2.75%
120,Dec-07-2022,16725.0,16935.0,17090.0,16580.0,3.97K,-1.30%
121,Dec-06-2022,16945.0,16865.0,17025.0,16800.0,3.72K,0.71%
122,Dec-05-2022,16825.0,17020.0,17435.0,16750.0,6.34K,-1.38%
123,Dec-04-2022,17060.0,16960.0,17150.0,16960.0,-,0.38%
124,Dec-02-2022,16995.0,16870.0,17055.0,16055.0,3.87K,1.04%
125,Dec-01-2022,16820.0,17190.0,17235.0,16760.0,6.04K,-1.52%
126,Nov-30-2022,17080.0,16235.0,17140.0,16160.0,8.02K,5.01%
127,Nov-29-2022,16265.0,15920.0,16410.0,15880.0,4.65K,1.72%
128,Nov-28-2022,15990.0,16335.0,16375.0,15630.0,6.80K,-3.16%
129,Nov-25-2022,16512.3,16470.0,16805.0,16340.0,1.63K,-0.59%
130,Nov-23-2022,16610.0,16115.0,16705.0,16080.0,9.97K,3.46%
131,Nov-22-2022,16055.0,15645.0,16295.0,15515.0,12.76K,2.33%
132,Nov-21-2022,15690.0,16155.0,16265.0,15355.0,12.99K,-5.08%
133,Nov-18-2022,16530.0,16545.0,16880.0,16365.0,6.05K,0.06%
134,Nov-17-2022,16520.0,16370.0,16610.0,16115.0,5.98K,1.44%
135,Nov-16-2022,16285.0,16715.0,16855.0,16015.0,7.01K,-2.43%
136,Nov-15-2022,16690.0,16085.0,16990.0,16085.0,7.41K,4.28%
137,Nov-14-2022,16005.0,15870.0,16740.0,15250.0,7.19K,-0.28%
138,Nov-11-2022,16050.0,17460.0,17480.0,15715.0,12.25K,-9.73%
139,Nov-10-2022,17780.0,15440.0,17935.0,15230.0,18.02K,13.86%
140,Nov-09-2022,15615.0,18480.0,18565.0,14925.0,29.10K,-13.63%
141,Nov-08-2022,18080.0,20500.0,20700.0,16835.0,44.90K,-13.26%
142,Nov-07-2022,20845.0,21200.0,21215.0,20635.0,6.25K,-0.60%
143,Nov-06-2022,20970.0,21025.0,21222.5,20737.5,-,-0.87%
144,Nov-04-2022,21155.0,20280.0,21400.0,20185.0,16.43K,4.29%
145,Nov-03-2022,20285.0,20165.0,20415.0,20030.0,7.00K,0.10%
146,Nov-02-2022,20265.0,20500.0,20870.0,20105.0,9.27K,-1.05%
147,Nov-01-2022,20480.0,20430.0,20725.0,20320.0,4.66K,0.49%
148,Oct-31-2022,20380.0,20715.0,20890.0,20220.0,7.21K,-1.40%
149,Oct-30-2022,20670.0,20727.5,20757.5,20550.0,-,0.94%
150,Oct-28-2022,20478.4,20385.0,20560.0,19965.0,0.78K,-0.71%
151,Oct-27-2022,20625.0,20735.0,20935.0,20245.0,10.28K,-0.75%
152,Oct-26-2022,20780.0,20215.0,21055.0,20015.0,16.62K,2.34%
153,Oct-25-2022,20305.0,19310.0,20445.0,19230.0,18.64K,4.99%
154,Oct-24-2022,19340.0,19470.0,19695.0,19130.0,11.74K,-1.28%
155,Oct-23-2022,19590.0,19025.0,19697.5,19025.0,-,2.06%
156,Oct-21-2022,19195.0,19050.0,19250.0,18615.0,10.60K,0.87%
157,Oct-20-2022,19030.0,19150.0,19340.0,18875.0,9.38K,-0.89%
158,Oct-19-2022,19200.0,19255.0,19340.0,19035.0,5.61K,0.10%
159,Oct-18-2022,19180.0,19525.0,19715.0,19045.0,8.66K,-1.72%
160,Oct-17-2022,19515.0,19070.0,19680.0,19070.0,7.54K,1.57%
161,Oct-16-2022,19212.5,19290.0,19355.0,19070.0,-,0.54%
162,Oct-14-2022,19110.0,19415.0,19975.0,19065.0,14.03K,-1.29%
163,Oct-13-2022,19360.0,19150.0,19575.0,17810.0,23.51K,1.39%
164,Oct-12-2022,19095.0,18935.0,19145.0,18900.0,5.18K,1.03%
165,Oct-11-2022,18900.0,19165.0,19225.0,18760.0,9.23K,-1.18%
166,Oct-10-2022,19125.0,19390.0,19465.0,19015.0,7.45K,-1.47%
167,Oct-07-2022,19410.0,19870.0,20080.0,19260.0,11.12K,-3.07%
168,Oct-06-2022,20025.0,20085.0,20515.0,19870.0,9.20K,-0.57%
169,Oct-05-2022,20140.0,20385.0,20440.0,19740.0,9.67K,-0.71%
170,Oct-04-2022,20285.0,19535.0,20535.0,19515.0,11.73K,3.89%
171,Oct-03-2022,19525.0,19190.0,19690.0,18785.0,12.20K,-0.88%
172,Sep-30-2022,19698.6,19510.0,19725.0,19185.0,0.42K,1.51%
173,Sep-29-2022,19405.0,19630.0,19700.0,18820.0,10.69K,-0.82%
174,Sep-28-2022,19565.0,18975.0,19685.0,18440.0,14.51K,2.73%
175,Sep-27-2022,19045.0,19060.0,20400.0,18775.0,18.57K,-0.70%
176,Sep-26-2022,19180.0,18700.0,19300.0,18545.0,11.53K,2.29%
177,Sep-25-2022,18750.0,18655.0,18860.0,18545.0,-,0.03%
178,Sep-23-2022,18745.0,19200.0,19495.0,18455.0,9.16K,-2.85%
179,Sep-22-2022,19295.0,18510.0,19475.0,18085.0,9.04K,1.66%
180,Sep-21-2022,18980.0,18880.0,19885.0,18670.0,15.36K,0.16%
181,Sep-20-2022,18950.0,19525.0,19640.0,18690.0,8.87K,-2.72%
182,Sep-19-2022,19480.0,19490.0,19620.0,18195.0,12.24K,0.67%
183,Sep-18-2022,19350.0,19750.0,19900.0,19280.0,-,-1.15%
184,Sep-16-2022,19575.0,19750.0,19865.0,19275.0,6.56K,-0.79%
185,Sep-15-2022,19730.0,20130.0,20345.0,19450.0,7.04K,-0.98%
186,Sep-14-2022,19925.0,20110.0,20500.0,19585.0,7.63K,-1.56%
187,Sep-13-2022,20240.0,22390.0,22875.0,20050.0,15.36K,-9.86%
188,Sep-12-2022,22455.0,21500.0,22530.0,21500.0,8.76K,2.60%
189,Sep-11-2022,21885.0,21107.5,21887.5,21107.5,-,2.53%
190,Sep-09-2022,21345.0,19010.0,21485.0,19010.0,16.20K,10.90%
191,Sep-08-2022,19247.5,19210.0,19385.0,18905.0,-,1.70%
192,Sep-07-2022,18925.0,18780.0,19365.0,18360.0,6.75K,1.56%
193,Sep-06-2022,18635.0,19745.0,20080.0,18480.0,15.29K,-5.20%
194,Sep-05-2022,19657.5,19862.5,19935.0,19490.0,-,-1.09%
195,Sep-04-2022,19875.0,20122.5,20122.5,19580.0,-,0.51%
196,Sep-02-2022,19775.0,19975.0,20390.0,19555.0,9.77K,0.41%
197,Sep-01-2022,19695.0,20130.0,20145.0,19310.0,7.10K,-1.84%
198,Aug-31-2022,20065.0,19745.0,20400.0,19585.0,7.26K,1.49%
199,Aug-30-2022,19770.0,19985.0,20630.0,19345.0,7.23K,-0.98%
200,Aug-29-2022,19965.0,19890.0,20315.0,19345.0,7.99K,3.05%
201,Aug-28-2022,19375.0,21080.0,21080.0,19345.0,-,-9.54%
202,Aug-26-2022,21417.9,21425.0,21865.0,21035.0,0.91K,-0.68%
203,Aug-25-2022,21565.0,21610.0,21810.0,21290.0,7.81K,-0.67%
204,Aug-24-2022,21710.0,21480.0,21900.0,21125.0,9.89K,1.02%
205,Aug-23-2022,21490.0,21055.0,21660.0,20790.0,8.57K,2.50%
206,Aug-22-2022,20965.0,21420.0,21595.0,20805.0,7.31K,-2.17%
207,Aug-21-2022,21430.0,21477.5,21585.0,21200.0,-,0.94%
208,Aug-19-2022,21230.0,23330.0,23370.0,21035.0,11.30K,-9.02%
209,Aug-18-2022,23335.0,23260.0,23590.0,23210.0,3.98K,0.45%
210,Aug-17-2022,23230.0,23960.0,24465.0,23145.0,8.57K,-2.99%
211,Aug-16-2022,23945.0,24060.0,24265.0,23640.0,5.10K,-0.23%
212,Aug-15-2022,24000.0,24360.0,25270.0,23890.0,7.44K,-1.30%
213,Aug-14-2022,24315.0,24390.0,24412.5,24232.5,-,0.31%
214,Aug-12-2022,24240.0,24225.0,24315.0,23600.0,4.94K,-0.02%
215,Aug-11-2022,24245.0,24000.0,24980.0,23840.0,9.24K,2.49%
216,Aug-10-2022,23655.0,23200.0,24240.0,22630.0,9.53K,2.58%
217,Aug-09-2022,23060.0,23880.0,23965.0,22850.0,8.22K,-3.86%
218,Aug-08-2022,23985.0,23310.0,24355.0,23085.0,7.58K,3.39%
219,Aug-07-2022,23197.5,23322.5,23350.0,23085.0,-,1.03%
220,Aug-05-2022,22960.0,22505.0,23555.0,22475.0,8.82K,2.25%
221,Aug-04-2022,22455.0,23370.0,23370.0,22405.0,7.91K,-4.61%
222,Aug-03-2022,23540.0,23175.0,23705.0,22730.0,6.02K,2.35%
223,Aug-02-2022,23000.0,23050.0,23510.0,22685.0,5.49K,-0.13%
224,Aug-01-2022,23030.0,23655.0,23685.0,22895.0,5.78K,-1.60%
225,Jul-31-2022,23405.0,23922.5,24065.0,23315.0,-,-2.81%
226,Jul-29-2022,24082.4,23950.0,24490.0,23460.0,0.69K,1.17%
227,Jul-28-2022,23805.0,22785.0,24230.0,22620.0,11.80K,4.50%
228,Jul-27-2022,22780.0,21015.0,23120.0,21000.0,13.02K,8.92%
229,Jul-26-2022,20915.0,22045.0,22045.0,20715.0,11.71K,-4.43%
230,Jul-25-2022,21885.0,22830.0,23035.0,21580.0,10.40K,-3.14%
231,Jul-24-2022,22595.0,22790.0,23035.0,22535.0,-,-0.09%
232,Jul-22-2022,22615.0,23210.0,23800.0,22540.0,6.64K,-2.65%
233,Jul-21-2022,23230.0,23595.0,23685.0,22365.0,7.35K,-1.96%
234,Jul-20-2022,23695.0,23650.0,24300.0,22930.0,10.14K,1.00%
235,Jul-19-2022,23460.0,21660.0,23725.0,21575.0,11.77K,8.51%
236,Jul-18-2022,21620.0,21080.0,22785.0,20750.0,10.03K,4.14%
237,Jul-17-2022,20760.0,21067.5,21072.5,20745.0,-,-2.03%
238,Jul-15-2022,21190.0,20440.0,21215.0,20360.0,6.27K,2.74%
239,Jul-14-2022,20625.0,19890.0,20885.0,19585.0,10.78K,5.15%
240,Jul-13-2022,19615.0,19290.0,20090.0,18830.0,12.02K,1.55%
241,Jul-12-2022,19315.0,20190.0,20190.0,19215.0,7.72K,-5.57%
242,Jul-11-2022,20455.0,21045.0,21045.0,20215.0,7.66K,-1.82%
243,Jul-10-2022,20835.0,20760.0,20837.5,20635.0,-,-4.27%
244,Jul-08-2022,21765.0,21670.0,22550.0,21160.0,-,-0.41%
245,Jul-07-2022,21855.0,20360.0,21890.0,20245.0,8.76K,7.79%
246,Jul-06-2022,20275.0,20310.0,20450.0,19730.0,5.81K,-0.56%
247,Jul-05-2022,20390.0,19270.0,20740.0,18985.0,15.04K,0.97%
248,Jul-04-2022,20195.0,19245.0,20312.5,18985.0,-,4.94%
249,Jul-03-2022,19245.0,19995.0,19995.0,19152.5,-,-0.36%
250,Jul-01-2022,19315.0,18700.0,20790.0,18630.0,10.65K,2.96%
251,Jun-30-2022,18760.0,20240.0,20295.0,18525.0,10.28K,-7.06%
252,Jun-29-2022,20185.0,20290.0,20405.0,19775.0,6.70K,0.05%
253,Jun-28-2022,20175.0,20765.0,21195.0,20125.0,5.87K,-4.87%
254,Jun-27-2022,21206.9,21030.0,21522.5,20437.5,-,0.84%
255,Jun-26-2022,21030.0,21300.0,21367.5,20915.0,-,-0.83%
256,Jun-24-2022,21206.9,20740.0,21535.0,20740.0,1.45K,1.47%
257,Jun-23-2022,20900.0,19945.0,21090.0,19875.0,10.08K,3.95%
258,Jun-22-2022,20105.0,20920.0,20920.0,19760.0,13.38K,-3.62%
259,Jun-21-2022,20860.0,20390.0,21715.0,19600.0,18.03K,2.72%
260,Jun-20-2022,20307.5,20560.0,21015.0,19592.5,-,-1.23%
261,Jun-19-2022,20560.0,20600.0,20722.5,20387.5,-,0.44%
262,Jun-17-2022,20470.0,20645.0,21315.0,20145.0,8.72K,-1.54%
263,Jun-16-2022,20790.0,22165.0,22945.0,20435.0,9.77K,-3.86%
264,Jun-15-2022,21625.0,21460.0,22385.0,20025.0,19.87K,-2.26%
265,Jun-14-2022,22125.0,23010.0,23290.0,20775.0,16.48K,-4.26%
266,Jun-13-2022,23110.0,27355.0,27365.0,22490.0,18.65K,-12.80%
267,Jun-12-2022,26502.5,27235.0,27367.5,26487.5,-,-8.36%
268,Jun-10-2022,28920.0,30085.0,31025.0,28740.0,8.03K,-3.42%
269,Jun-09-2022,29945.0,30320.0,30665.0,29880.0,4.17K,-0.45%
270,Jun-08-2022,30080.0,31460.0,31580.0,29775.0,7.94K,-3.11%
271,Jun-07-2022,31045.0,31500.0,31575.0,29130.0,11.27K,-1.41%
272,Jun-06-2022,31490.0,29900.0,31805.0,29820.0,9.29K,5.46%
273,Jun-05-2022,29860.0,30002.5,30030.0,29820.0,-,1.10%
274,Jun-03-2022,29535.0,30355.0,30725.0,29165.0,6.34K,-2.49%
275,Jun-02-2022,30290.0,29535.0,30435.0,29480.0,6.67K,0.85%
276,Jun-01-2022,30035.0,31700.0,32020.0,29265.0,7.63K,-5.61%
277,May-31-2022,31820.0,31767.5,32455.0,31225.0,-,0.18%
278,May-30-2022,31762.5,29465.0,31887.5,29295.0,-,9.37%
279,May-27-2022,29042.2,29550.0,29605.0,28630.0,0.69K,-0.93%
280,May-26-2022,29315.0,29750.0,29895.0,27995.0,12.17K,-0.74%
281,May-25-2022,29535.0,29585.0,30225.0,29300.0,9.66K,0.78%
282,May-24-2022,29305.0,29235.0,29580.0,28570.0,11.24K,1.00%
283,May-23-2022,29015.0,30010.0,30680.0,28960.0,11.29K,-4.21%
284,May-22-2022,30290.0,30325.0,30497.5,30277.5,-,3.52%
285,May-20-2022,29260.0,30235.0,30715.0,28635.0,9.10K,-2.29%
286,May-19-2022,29945.0,29025.0,30510.0,28555.0,8.81K,2.60%
287,May-18-2022,29185.0,30560.0,30650.0,28650.0,7.23K,-2.72%
288,May-17-2022,30000.0,30130.0,30745.0,29420.0,7.46K,1.68%
289,May-16-2022,29505.0,31000.0,31400.0,29020.0,6.18K,-5.64%
290,May-15-2022,31270.0,31385.0,31385.0,30980.0,-,4.11%
291,May-13-2022,30035.0,28255.0,31000.0,28230.0,6.90K,5.07%
292,May-12-2022,28585.0,28860.0,30100.0,25350.0,15.14K,-2.09%
293,May-11-2022,29195.0,30195.0,32140.0,28105.0,19.28K,-6.67%
294,May-10-2022,31280.0,30960.0,32615.0,29700.0,7.24K,1.13%
295,May-09-2022,30930.0,34455.0,34455.0,30300.0,12.90K,-9.18%
296,May-08-2022,34055.0,34172.5,34195.0,33882.5,-,-5.21%
297,May-06-2022,35925.0,36405.0,36595.0,35180.0,5.71K,-0.95%
298,May-05-2022,36270.0,39795.0,39860.0,35520.0,10.00K,-9.10%
299,May-04-2022,39900.0,37725.0,40100.0,37535.0,8.01K,6.02%
300,May-03-2022,37635.0,38685.0,38810.0,37420.0,4.86K,-3.49%
301,May-02-2022,38997.3,38670.0,39155.0,38025.0,-,1.84%
302,May-01-2022,38292.5,38927.5,38932.5,38182.5,-,-1.81%
303,Apr-29-2022,38997.3,39785.0,39840.0,38595.0,0.86K,-2.31%
304,Apr-28-2022,39920.0,39220.0,40440.0,38900.0,8.55K,2.62%
305,Apr-27-2022,38900.0,38210.0,39475.0,37665.0,6.78K,1.78%
306,Apr-26-2022,38220.0,40210.0,40765.0,37665.0,10.11K,-4.95%
307,Apr-25-2022,40210.0,39595.0,40400.0,38190.0,7.33K,1.94%
308,Apr-24-2022,39445.0,39562.5,39775.0,39437.5,-,-0.03%
309,Apr-22-2022,39455.0,40650.0,40815.0,39165.0,4.53K,-4.34%
310,Apr-21-2022,41245.0,41550.0,43010.0,40610.0,5.77K,0.02%
311,Apr-20-2022,41235.0,41335.0,42295.0,40895.0,3.73K,-0.69%
312,Apr-19-2022,41520.0,40825.0,41820.0,40585.0,3.70K,2.01%
313,Apr-18-2022,40700.0,40150.0,41125.0,38535.0,5.80K,2.60%
314,Apr-17-2022,39670.0,39912.5,40325.0,39515.0,-,-0.54%
315,Apr-15-2022,39885.0,39885.0,39885.0,39885.0,-,0.15%
316,Apr-14-2022,39825.0,41240.0,41540.0,39565.0,3.01K,-3.15%
317,Apr-13-2022,41120.0,39650.0,41590.0,39560.0,5.02K,4.66%
318,Apr-12-2022,39290.0,39410.0,40805.0,39190.0,5.56K,-1.66%
319,Apr-11-2022,39955.0,42710.0,42805.0,39460.0,5.95K,-5.14%
320,Apr-10-2022,42120.0,43180.0,43535.0,41912.5,-,-1.39%
321,Apr-08-2022,42715.0,43565.0,44090.0,42445.0,5.08K,-1.53%
322,Apr-07-2022,43380.0,43880.0,43885.0,42720.0,4.61K,-0.90%
323,Apr-06-2022,43775.0,45995.0,46060.0,43130.0,7.11K,-5.13%
324,Apr-05-2022,46140.0,46600.0,47445.0,45550.0,7.49K,0.12%
325,Apr-04-2022,46085.0,47225.0,47610.0,45205.0,5.29K,-1.05%
326,Apr-03-2022,46572.5,46622.5,47617.5,46410.0,-,0.05%
327,Apr-01-2022,46550.0,45865.0,46910.0,44345.0,5.69K,1.78%
328,Mar-31-2022,45735.0,47220.0,47875.0,45620.0,5.48K,-3.19%
329,Mar-30-2022,47240.0,47430.0,48000.0,46715.0,4.07K,-1.44%
330,Mar-29-2022,47930.0,47970.0,48390.0,47235.0,4.68K,7.70%
331,Mar-28-2022,44504.0,47045.0,48465.0,46867.5,-,-5.43%
332,Mar-27-2022,47060.0,44782.5,47130.0,44782.5,-,5.74%
333,Mar-25-2022,44504.0,43975.0,45170.0,43625.0,0.69K,1.23%
334,Mar-24-2022,43965.0,42430.0,44340.0,42345.0,11.12K,4.06%
335,Mar-23-2022,42250.0,42880.0,42985.0,41815.0,8.00K,-0.33%
336,Mar-22-2022,42390.0,41335.0,43490.0,40885.0,10.06K,2.84%
337,Mar-21-2022,41220.0,41445.0,41595.0,40555.0,5.71K,-0.16%
338,Mar-20-2022,41285.0,41872.5,41872.5,41227.5,-,-1.92%
339,Mar-18-2022,42095.0,41050.0,42360.0,40180.0,5.11K,2.96%
340,Mar-17-2022,40885.0,41200.0,41520.0,40570.0,2.55K,-0.09%
341,Mar-16-2022,40920.0,39725.0,41765.0,38810.0,8.47K,2.92%
342,Mar-15-2022,39760.0,38725.0,39935.0,38085.0,4.60K,2.40%
343,Mar-14-2022,38830.0,38725.0,39340.0,37495.0,4.21K,2.81%
344,Mar-13-2022,37770.0,38880.0,38880.0,37505.0,-,-1.45%
345,Mar-11-2022,38325.0,39530.0,40260.0,38240.0,5.47K,-3.29%
346,Mar-10-2022,39630.0,42055.0,42245.0,38555.0,5.92K,-5.46%
347,Mar-09-2022,41920.0,38540.0,42715.0,38540.0,7.47K,8.87%
348,Mar-08-2022,38505.0,38110.0,39410.0,37895.0,5.23K,2.57%
349,Mar-07-2022,37540.0,39060.0,39540.0,37180.0,5.83K,-2.07%
350,Mar-06-2022,38335.0,39377.5,39377.5,38135.0,-,-3.06%
351,Mar-04-2022,39545.0,42495.0,42640.0,39090.0,5.66K,-6.02%
352,Mar-03-2022,42080.0,44205.0,44325.0,41870.0,6.11K,-4.20%
353,Mar-02-2022,43925.0,44205.0,45455.0,43420.0,6.40K,-0.71%
354,Mar-01-2022,44240.0,43100.0,45110.0,42930.0,8.75K,12.85%
355,Feb-28-2022,39202.1,37630.0,43420.0,37405.0,-,4.17%
356,Feb-27-2022,37632.5,38950.0,38982.5,37210.0,-,-4.00%
357,Feb-25-2022,39202.1,38110.0,39645.0,37900.0,0.54K,2.20%
358,Feb-24-2022,38360.0,37670.0,39740.0,34295.0,14.20K,1.86%
359,Feb-23-2022,37660.0,37890.0,39235.0,37365.0,9.50K,-0.67%
360,Feb-22-2022,37915.0,38860.0,39460.0,36340.0,12.99K,2.45%
361,Feb-21-2022,37010.0,38332.5,39450.0,36870.0,-,-3.44%
362,Feb-20-2022,38327.5,40010.0,40010.0,38295.0,-,-4.05%
363,Feb-18-2022,39945.0,40675.0,41000.0,39485.0,7.27K,-2.33%
364,Feb-17-2022,40900.0,44075.0,44275.0,40090.0,6.68K,-7.41%
365,Feb-16-2022,44175.0,44210.0,44860.0,43350.0,3.89K,-0.09%
366,Feb-15-2022,44215.0,42665.0,44620.0,42495.0,4.09K,4.76%
367,Feb-14-2022,42205.0,42470.0,42930.0,41560.0,5.40K,0.29%
368,Feb-13-2022,42082.5,42617.5,42617.5,42040.0,-,-0.73%
369,Feb-11-2022,42390.0,43950.0,44145.0,42075.0,6.22K,-4.05%
370,Feb-10-2022,44180.0,44640.0,45905.0,43270.0,8.45K,-1.50%
371,Feb-09-2022,44855.0,44235.0,44900.0,43210.0,4.10K,1.16%
372,Feb-08-2022,44340.0,44110.0,45605.0,42780.0,5.87K,0.24%
373,Feb-07-2022,44235.0,41420.0,44615.0,41420.0,7.46K,4.20%
374,Feb-06-2022,42450.0,41635.0,42730.0,41535.0,-,4.45%
375,Feb-04-2022,40640.0,36930.0,40935.0,36895.0,9.60K,12.06%
376,Feb-03-2022,36265.0,36970.0,37100.0,36235.0,4.22K,-3.38%
377,Feb-02-2022,37535.0,38685.0,38900.0,36515.0,4.40K,-2.72%
378,Feb-01-2022,38585.0,38450.0,39275.0,38055.0,4.10K,4.07%
379,Jan-31-2022,37075.9,37900.0,38782.5,36610.0,-,-2.19%
380,Jan-30-2022,37905.0,38147.5,38255.0,37887.5,-,2.24%
381,Jan-28-2022,37075.9,36535.0,37415.0,36215.0,0.90K,4.25%
382,Jan-27-2022,35565.0,36555.0,37210.0,35485.0,8.33K,-4.03%
383,Jan-26-2022,37060.0,36765.0,38895.0,36330.0,10.25K,0.56%
384,Jan-25-2022,36855.0,36490.0,37550.0,35725.0,8.97K,-0.98%
385,Jan-24-2022,37220.0,35555.0,37600.0,32855.0,16.30K,2.42%
386,Jan-23-2022,36340.0,36620.0,36620.0,35430.0,-,-4.82%
387,Jan-21-2022,38180.0,41125.0,41135.0,36150.0,11.78K,-10.53%
388,Jan-20-2022,42675.0,41940.0,43545.0,41260.0,7.23K,2.65%
389,Jan-19-2022,41575.0,42430.0,42615.0,41080.0,6.54K,-0.22%
390,Jan-18-2022,41665.0,43270.0,43315.0,41175.0,6.82K,-1.26%
391,Jan-17-2022,42195.0,43065.0,43210.0,41582.5,-,-2.02%
392,Jan-16-2022,43065.0,42972.5,43292.5,42460.0,-,-0.13%
393,Jan-14-2022,43120.0,42620.0,43445.0,41680.0,4.20K,1.04%
394,Jan-13-2022,42675.0,43880.0,44450.0,42280.0,4.07K,-2.62%
395,Jan-12-2022,43825.0,42695.0,44310.0,42455.0,4.07K,2.38%
396,Jan-11-2022,42805.0,41595.0,43155.0,41220.0,6.19K,2.54%
397,Jan-10-2022,41745.0,42205.0,42245.0,39470.0,8.67K,-0.16%
398,Jan-09-2022,41810.0,41755.0,42340.0,41527.5,-,-0.14%
399,Jan-07-2022,41870.0,43170.0,43240.0,40470.0,9.28K,-3.11%
400,Jan-06-2022,43215.0,43405.0,43720.0,42375.0,5.22K,-1.40%
401,Jan-05-2022,43830.0,46100.0,47100.0,43290.0,8.92K,-5.34%
402,Jan-04-2022,46305.0,46205.0,47650.0,45485.0,5.05K,-3.49%
403,Jan-03-2022,47977.0,47977.0,47977.0,47977.0,-,0.00%
404,Dec-31-2021,47977.0,47055.0,48590.0,46915.0,0.49K,1.71%
405,Dec-30-2021,47170.0,47230.0,47970.0,45880.0,6.48K,-0.42%
406,Dec-29-2021,47370.0,47585.0,48095.0,46550.0,6.91K,-0.81%
407,Dec-28-2021,47755.0,51025.0,51045.0,47300.0,7.87K,-6.86%
408,Dec-27-2021,51275.0,51040.0,52200.0,50520.0,5.51K,0.77%
409,Dec-26-2021,50885.0,50912.5,51142.5,50745.0,-,-0.02%
410,Dec-24-2021,50895.0,50895.0,50895.0,50895.0,-,-0.32%
411,Dec-23-2021,51060.0,49085.0,51470.0,48035.0,4.76K,4.11%
412,Dec-22-2021,49045.0,49280.0,49635.0,48500.0,2.81K,0.74%
413,Dec-21-2021,48685.0,46835.0,49390.0,46710.0,4.00K,3.45%
414,Dec-20-2021,47060.0,47280.0,47555.0,45515.0,4.30K,1.01%
415,Dec-19-2021,46590.0,46877.5,47360.0,46505.0,-,0.74%
416,Dec-17-2021,46250.0,47870.0,48010.0,45415.0,4.53K,-3.67%
417,Dec-16-2021,48010.0,48940.0,49500.0,47595.0,5.53K,-2.72%
418,Dec-15-2021,49350.0,48350.0,49605.0,46570.0,8.30K,3.09%
419,Dec-14-2021,47870.0,46950.0,48700.0,46295.0,5.87K,2.74%
420,Dec-13-2021,46595.0,50205.0,50480.0,45700.0,6.83K,-7.05%
421,Dec-12-2021,50130.0,47950.0,50460.0,47950.0,-,3.38%
422,Dec-10-2021,48490.0,47940.0,50265.0,47325.0,6.04K,1.71%
423,Dec-09-2021,47675.0,50400.0,50940.0,47345.0,5.16K,-6.38%
424,Dec-08-2021,50925.0,50600.0,51370.0,48645.0,4.85K,0.64%
425,Dec-07-2021,50600.0,50745.0,52195.0,50360.0,4.99K,3.35%
426,Dec-06-2021,48960.0,49265.0,50730.0,47215.0,9.34K,-0.81%
427,Dec-05-2021,49360.0,53652.5,53652.5,49030.0,-,-7.82%
428,Dec-03-2021,53545.0,57030.0,57945.0,51585.0,11.18K,-6.35%
429,Dec-02-2021,57175.0,57305.0,57705.0,55990.0,5.84K,0.32%
430,Dec-01-2021,56990.0,57660.0,59545.0,56650.0,6.55K,-1.37%
431,Nov-30-2021,57780.0,58530.0,59680.0,56145.0,7.79K,6.09%
432,Nov-29-2021,54465.6,57785.0,59255.0,57095.0,-,-5.72%
433,Nov-28-2021,57770.0,55385.0,57870.0,55385.0,-,6.07%
434,Nov-26-2021,54465.6,57000.0,59470.0,53625.0,2.82K,-8.37%
435,Nov-25-2021,59442.5,57590.0,59910.0,57385.0,-,3.53%
436,Nov-24-2021,57415.0,57650.0,57765.0,55825.0,10.09K,-0.76%
437,Nov-23-2021,57855.0,56575.0,57940.0,55375.0,9.70K,3.65%
438,Nov-22-2021,55815.0,59100.0,59645.0,55585.0,11.80K,-6.09%
439,Nov-21-2021,59435.0,58515.0,59955.0,58515.0,-,2.65%
440,Nov-19-2021,57900.0,56450.0,58410.0,55600.0,8.25K,-0.20%
441,Nov-18-2021,58015.0,59980.0,61035.0,56600.0,9.18K,-4.08%
442,Nov-17-2021,60485.0,60700.0,60890.0,58475.0,6.30K,1.26%
443,Nov-16-2021,59730.0,63955.0,64025.0,58515.0,9.16K,-6.54%
444,Nov-15-2021,63910.0,64625.0,66555.0,63415.0,5.44K,-2.69%
445,Nov-14-2021,65675.0,64195.0,65675.0,64195.0,-,2.24%
446,Nov-12-2021,64235.0,65400.0,65720.0,62385.0,6.90K,-1.26%
447,Nov-11-2021,65055.0,65210.0,65895.0,64340.0,3.91K,-1.54%
448,Nov-10-2021,66075.0,67670.0,69355.0,63020.0,7.71K,-2.29%
449,Nov-09-2021,67625.0,66715.0,69000.0,66480.0,5.46K,1.71%
450,Nov-08-2021,66485.0,62910.0,67035.0,62905.0,6.02K,4.27%
451,Nov-07-2021,63765.0,61135.0,63765.0,61135.0,-,3.89%
452,Nov-05-2021,61380.0,61435.0,62865.0,60905.0,3.53K,0.03%
453,Nov-04-2021,61360.0,63450.0,63475.0,60860.0,5.01K,-2.70%
454,Nov-03-2021,63065.0,63580.0,63965.0,60945.0,5.50K,-1.48%
455,Nov-02-2021,64015.0,61010.0,64665.0,60900.0,5.24K,4.69%
456,Nov-01-2021,61149.3,61687.5,62827.5,59700.0,-,-0.86%
457,Oct-31-2021,61682.5,62770.0,62772.5,61642.5,-,0.87%
458,Oct-29-2021,61149.3,61295.0,62030.0,60220.0,0.64K,-0.30%
459,Oct-28-2021,61335.0,58790.0,62400.0,57855.0,9.72K,3.84%
460,Oct-27-2021,59065.0,61255.0,61450.0,57855.0,12.93K,-4.70%
461,Oct-26-2021,61975.0,62855.0,63345.0,61810.0,7.40K,-1.20%
462,Oct-25-2021,62725.0,61080.0,63865.0,60820.0,7.18K,1.78%
463,Oct-24-2021,61630.0,61430.0,61842.5,61430.0,-,0.90%
464,Oct-22-2021,61080.0,62890.0,63950.0,60210.0,10.13K,-2.91%
465,Oct-21-2021,62910.0,66160.0,66960.0,62140.0,15.61K,-5.63%
466,Oct-20-2021,66665.0,64490.0,67680.0,63830.0,15.20K,3.10%
467,Oct-19-2021,64660.0,61905.0,64780.0,61730.0,15.28K,4.88%
468,Oct-18-2021,61650.0,61120.0,63230.0,60100.0,10.02K,-0.39%
469,Oct-17-2021,61890.0,63012.5,63012.5,60800.0,-,-0.30%
470,Oct-15-2021,62075.0,58150.0,63525.0,57250.0,11.67K,6.67%
471,Oct-14-2021,58195.0,57700.0,59025.0,57190.0,6.32K,0.77%
472,Oct-13-2021,57750.0,56350.0,57950.0,54700.0,6.94K,3.47%
473,Oct-12-2021,55815.0,57700.0,58215.0,54370.0,6.69K,-3.75%
474,Oct-11-2021,57990.0,55330.0,58355.0,54820.0,5.69K,5.17%
475,Oct-10-2021,55137.5,54852.5,55445.0,54835.0,-,-0.08%
476,Oct-08-2021,55180.0,54925.0,56815.0,54155.0,5.06K,1.30%
477,Oct-07-2021,54470.0,55580.0,56325.0,53855.0,5.32K,-2.21%
478,Oct-06-2021,55700.0,52165.0,55935.0,50855.0,9.66K,7.88%
479,Oct-05-2021,51630.0,49310.0,52165.0,49100.0,8.41K,3.56%
480,Oct-04-2021,49855.0,48070.0,50000.0,47180.0,5.87K,2.61%
481,Oct-03-2021,48587.5,48575.0,48690.0,48030.0,-,0.41%
482,Oct-01-2021,48390.0,43735.0,48705.0,43330.0,9.40K,10.95%
483,Sep-30-2021,43615.0,41240.0,44175.0,41040.0,4.87K,5.98%
484,Sep-29-2021,41155.0,41890.0,42735.0,40785.0,3.69K,-1.07%
485,Sep-28-2021,41600.0,43215.0,43555.0,41145.0,4.67K,-3.59%
486,Sep-27-2021,43150.0,43635.0,44580.0,42770.0,5.22K,-0.74%
487,Sep-26-2021,43470.0,43130.0,44207.5,42942.5,-,2.62%
488,Sep-24-2021,42359.4,44790.0,45115.0,40855.0,1.10K,-5.42%
489,Sep-23-2021,44785.0,43255.0,44970.0,43095.0,5.36K,3.23%
490,Sep-22-2021,43385.0,41330.0,44025.0,40145.0,7.83K,3.22%
491,Sep-21-2021,42030.0,43410.0,43870.0,40085.0,8.52K,-4.00%
492,Sep-20-2021,43780.0,47415.0,47620.0,42365.0,8.33K,-7.28%
493,Sep-19-2021,47217.5,46952.5,47612.5,46822.5,-,-0.57%
494,Sep-17-2021,47490.0,47600.0,48225.0,46670.0,3.89K,-0.01%
495,Sep-16-2021,47495.0,48270.0,48600.0,47050.0,4.54K,-1.44%
496,Sep-15-2021,48190.0,46700.0,48510.0,46635.0,3.08K,3.60%
497,Sep-14-2021,46515.0,45215.0,47025.0,44705.0,3.80K,3.79%
498,Sep-13-2021,44815.0,45240.0,46945.0,43310.0,7.36K,-2.81%
499,Sep-12-2021,46110.0,45120.0,46502.5,45025.0,-,0.95%
500,Sep-10-2021,45675.0,46545.0,47065.0,44750.0,4.85K,-2.08%
501,Sep-09-2021,46645.0,46250.0,47465.0,45545.0,4.05K,0.27%
502,Sep-08-2021,46520.0,46590.0,47440.0,44500.0,5.68K,-0.56%
503,Sep-07-2021,46780.0,51755.0,53125.0,43705.0,13.97K,-11.50%
504,Sep-06-2021,52857.5,51975.0,52985.0,51182.5,-,1.70%
505,Sep-05-2021,51975.0,51860.0,52140.0,51790.0,-,2.49%
506,Sep-03-2021,50710.0,49900.0,51260.0,48445.0,5.12K,2.70%
507,Sep-02-2021,49375.0,48600.0,50570.0,48400.0,4.77K,2.18%
508,Sep-01-2021,48320.0,46940.0,49270.0,46530.0,4.28K,1.96%
509,Aug-31-2021,47390.0,48610.0,48610.0,46695.0,4.06K,-2.82%
510,Aug-30-2021,48765.0,49070.0,49510.0,47460.0,3.42K,-0.23%
511,Aug-29-2021,48877.5,49197.5,49510.0,48870.0,-,1.93%
512,Aug-27-2021,47952.0,47205.0,48210.0,46420.0,-,2.16%
513,Aug-26-2021,46940.0,48950.0,49345.0,46230.0,6.14K,-3.62%
514,Aug-25-2021,48705.0,48205.0,49135.0,47065.0,6.13K,1.03%
515,Aug-24-2021,48210.0,49520.0,49885.0,47735.0,5.78K,-2.17%
516,Aug-23-2021,49280.0,48815.0,50585.0,48640.0,5.96K,-0.10%
517,Aug-22-2021,49327.5,48672.5,49557.5,48652.5,-,1.23%
518,Aug-20-2021,48730.0,46545.0,49185.0,46370.0,5.40K,4.35%
519,Aug-19-2021,46700.0,44530.0,46895.0,43900.0,6.21K,4.11%
520,Aug-18-2021,44855.0,44795.0,46105.0,44155.0,5.15K,-1.46%
521,Aug-17-2021,45520.0,46000.0,47205.0,44570.0,4.39K,-1.25%
522,Aug-16-2021,46095.0,46905.0,48100.0,45670.0,4.13K,-1.97%
523,Aug-15-2021,47020.0,46905.0,47330.0,46905.0,-,1.11%
524,Aug-13-2021,46505.0,44310.0,48005.0,43830.0,3.80K,4.84%
525,Aug-12-2021,44360.0,46315.0,46315.0,43780.0,5.19K,-4.51%
526,Aug-11-2021,46455.0,45755.0,46835.0,45250.0,3.45K,2.11%
527,Aug-10-2021,45495.0,45760.0,46800.0,44650.0,5.33K,-1.19%
528,Aug-09-2021,46045.0,44255.0,46520.0,42890.0,7.17K,4.84%
529,Aug-08-2021,43917.5,42820.0,44707.5,42820.0,-,2.21%
530,Aug-06-2021,42970.0,41095.0,43430.0,39910.0,6.63K,5.43%
531,Aug-05-2021,40755.0,39940.0,41480.0,37300.0,6.71K,2.30%
532,Aug-04-2021,39840.0,38265.0,39945.0,37465.0,3.67K,4.94%
533,Aug-03-2021,37965.0,39180.0,39830.0,37580.0,5.44K,-3.10%
534,Aug-02-2021,39180.0,41185.0,41500.0,38715.0,4.78K,-1.95%
535,Aug-01-2021,39960.0,41287.5,41480.0,39470.0,-,2.41%
536,Jul-30-2021,39020.9,39640.0,40240.0,38455.0,0.41K,-1.65%
537,Jul-29-2021,39675.0,40165.0,40650.0,39290.0,6.10K,-1.72%
538,Jul-28-2021,40370.0,38340.0,40940.0,38150.0,10.48K,6.55%
539,Jul-27-2021,37890.0,37090.0,38795.0,36425.0,7.58K,-4.03%
540,Jul-26-2021,39480.0,34475.0,40580.0,34420.0,17.25K,22.34%
541,Jul-23-2021,32270.0,32180.0,32930.0,31980.0,2.50K,-0.45%
542,Jul-22-2021,32415.0,31920.0,32590.0,31680.0,3.23K,2.51%
543,Jul-21-2021,31620.0,29625.0,32830.0,29435.0,9.99K,6.41%
544,Jul-20-2021,29715.0,30680.0,31015.0,29215.0,4.34K,-3.18%
545,Jul-19-2021,30690.0,31760.0,31860.0,30280.0,3.95K,-3.31%
546,Jul-18-2021,31740.0,31770.0,31882.5,31377.5,-,-0.58%
547,Jul-16-2021,31925.0,31700.0,32205.0,30960.0,4.09K,1.64%
548,Jul-15-2021,31410.0,32930.0,33180.0,30970.0,6.73K,-4.06%
549,Jul-14-2021,32740.0,32535.0,33195.0,31515.0,3.55K,1.63%
550,Jul-13-2021,32215.0,32830.0,33330.0,32150.0,3.08K,-1.66%
551,Jul-12-2021,32760.0,34430.0,34830.0,32600.0,3.83K,-4.54%
552,Jul-11-2021,34317.5,34600.0,34685.0,34237.5,-,2.58%
553,Jul-09-2021,33455.0,32680.0,33740.0,32295.0,2.66K,1.50%
554,Jul-08-2021,32960.0,34200.0,34300.0,32040.0,5.75K,-5.01%
555,Jul-07-2021,34700.0,33800.0,35140.0,33675.0,3.87K,2.13%
556,Jul-06-2021,33975.0,35800.0,35955.0,33315.0,7.00K,0.50%
557,Jul-05-2021,33805.0,35335.0,35335.0,33312.5,-,-4.33%
558,Jul-04-2021,35335.0,35800.0,35955.0,35227.5,-,6.16%
559,Jul-02-2021,33285.0,33460.0,33995.0,32620.0,3.49K,0.77%
560,Jul-01-2021,33030.0,34765.0,35185.0,32695.0,4.61K,-4.88%
561,Jun-30-2021,34725.0,36215.0,36215.0,34020.0,3.88K,-4.68%
562,Jun-29-2021,36430.0,34680.0,36650.0,34200.0,4.84K,5.52%
563,Jun-28-2021,34525.0,32775.0,35325.0,32750.0,5.52K,-0.58%
564,Jun-27-2021,34725.0,32000.0,34777.5,32000.0,-,4.97%
565,Jun-25-2021,33079.4,34700.0,35300.0,32630.0,0.54K,-4.96%
566,Jun-24-2021,34805.0,33220.0,35245.0,32330.0,6.21K,5.79%
567,Jun-23-2021,32900.0,32560.0,34835.0,31780.0,7.18K,1.29%
568,Jun-22-2021,32480.0,31700.0,33310.0,28800.0,14.89K,-0.25%
569,Jun-21-2021,32560.0,35555.0,35790.0,31715.0,9.30K,-8.52%
570,Jun-20-2021,35592.5,35400.0,36000.0,35240.0,-,0.87%
571,Jun-18-2021,35285.0,37695.0,38175.0,35100.0,5.72K,-6.32%
572,Jun-17-2021,37665.0,38550.0,39535.0,37315.0,5.65K,-2.33%
573,Jun-16-2021,38565.0,40025.0,40480.0,38270.0,6.33K,-3.58%
574,Jun-15-2021,39995.0,40250.0,41335.0,39565.0,4.18K,0.72%
575,Jun-14-2021,39710.0,38900.0,41070.0,38705.0,5.94K,1.86%
576,Jun-13-2021,38985.0,37000.0,39135.0,37000.0,-,4.45%
577,Jun-11-2021,37325.0,36725.0,37700.0,35955.0,3.33K,1.73%
578,Jun-10-2021,36690.0,36610.0,38460.0,35815.0,6.68K,0.87%
579,Jun-09-2021,36375.0,33485.0,36945.0,32420.0,8.45K,10.53%
580,Jun-08-2021,32910.0,34130.0,34295.0,30915.0,11.21K,-7.67%
581,Jun-07-2021,35645.0,36205.0,37015.0,34000.0,6.68K,-1.00%
582,Jun-06-2021,36005.0,37092.5,37092.5,35360.0,-,-2.57%
583,Jun-04-2021,36955.0,38840.0,39330.0,35590.0,8.16K,-4.55%
584,Jun-03-2021,38715.0,37835.0,39560.0,37255.0,4.31K,1.77%
585,Jun-02-2021,38040.0,36205.0,38340.0,35940.0,4.03K,5.70%
586,Jun-01-2021,35990.0,35905.0,37985.0,34250.0,8.10K,-3.83%
587,May-31-2021,37425.0,35647.5,37592.5,34232.5,-,5.02%
588,May-30-2021,35635.0,35295.0,36142.5,35295.0,-,-3.27%
589,May-28-2021,36841.4,38800.0,39180.0,35160.0,0.52K,-5.16%
590,May-27-2021,38845.0,39025.0,40435.0,37270.0,6.24K,0.78%
591,May-26-2021,38545.0,38055.0,40895.0,37875.0,9.28K,3.25%
592,May-25-2021,37330.0,38540.0,39885.0,36555.0,8.77K,-6.09%
593,May-24-2021,39750.0,34280.0,39950.0,33720.0,10.87K,14.25%
594,May-23-2021,34792.5,35395.0,35395.0,33720.0,-,-3.58%
595,May-21-2021,36085.0,40720.0,42370.0,35135.0,12.91K,-10.50%
596,May-20-2021,40320.0,38925.0,42420.0,34950.0,13.39K,2.49%
597,May-19-2021,39340.0,42915.0,43530.0,30205.0,26.73K,-8.83%
598,May-18-2021,43150.0,43500.0,45755.0,42280.0,8.31K,-2.07%
599,May-17-2021,44060.0,45295.0,46620.0,42050.0,11.15K,-5.16%
600,May-16-2021,46455.0,49350.0,49350.0,45067.5,-,-7.44%
601,May-14-2021,50190.0,49215.0,51475.0,48370.0,5.43K,3.77%
602,May-13-2021,48365.0,54545.0,54605.0,46395.0,14.81K,-11.17%
603,May-12-2021,54445.0,56735.0,58140.0,53355.0,8.67K,-4.15%
604,May-11-2021,56805.0,55690.0,57075.0,54375.0,5.35K,1.97%
605,May-10-2021,55705.0,58200.0,59900.0,53595.0,7.95K,-4.50%
606,May-09-2021,58330.0,57925.0,58572.5,57772.5,-,0.99%
607,May-07-2021,57760.0,56350.0,58845.0,55340.0,4.97K,2.81%
608,May-06-2021,56180.0,56950.0,58600.0,55255.0,5.93K,-1.95%
609,May-05-2021,57295.0,54365.0,58110.0,52830.0,6.06K,5.10%
610,May-04-2021,54515.0,57390.0,57755.0,53220.0,8.07K,-5.63%
611,May-03-2021,57765.0,56985.0,59305.0,56380.0,5.62K,1.73%
612,May-02-2021,56780.0,56960.0,57000.0,56395.0,-,-0.38%
613,Apr-30-2021,56995.0,53710.0,57507.5,53175.0,-,7.74%
614,Apr-29-2021,52900.0,54725.0,55205.0,52335.0,5.60K,-4.53%
615,Apr-28-2021,55410.0,55265.0,56500.0,53905.0,6.40K,1.13%
616,Apr-27-2021,54790.0,53370.0,55420.0,52925.0,5.14K,1.33%
617,Apr-26-2021,54070.0,47440.0,54410.0,47440.0,8.34K,10.02%
618,Apr-25-2021,49145.0,51312.5,51312.5,47677.5,-,-3.34%
619,Apr-23-2021,50845.0,51505.0,52150.0,47395.0,10.38K,-3.81%
620,Apr-22-2021,52860.0,54825.0,55645.0,51365.0,13.16K,-4.95%
621,Apr-21-2021,55610.0,56900.0,57160.0,54325.0,5.86K,-1.95%
622,Apr-20-2021,56715.0,56335.0,57155.0,53430.0,9.19K,1.20%
623,Apr-19-2021,56045.0,57120.0,57750.0,54450.0,10.37K,-0.61%
624,Apr-18-2021,56390.0,61490.0,61490.0,56135.0,-,-9.02%
625,Apr-16-2021,61980.0,63765.0,64000.0,60165.0,6.63K,-2.91%
626,Apr-15-2021,63840.0,62795.0,64030.0,62375.0,4.89K,2.31%
627,Apr-14-2021,62400.0,63885.0,65520.0,61565.0,8.43K,-2.02%
628,Apr-13-2021,63685.0,60500.0,64450.0,60300.0,7.15K,5.19%
629,Apr-12-2021,60545.0,60000.0,61945.0,59915.0,6.63K,0.03%
630,Apr-11-2021,60525.0,58997.5,60660.0,58757.5,-,3.00%
631,Apr-09-2021,58760.0,58010.0,59405.0,58000.0,3.95K,1.04%
632,Apr-08-2021,58155.0,56310.0,58655.0,55910.0,4.61K,3.28%
633,Apr-07-2021,56310.0,58300.0,59080.0,55675.0,11.42K,-4.13%
634,Apr-06-2021,58735.0,59415.0,60350.0,57750.0,5.27K,-1.85%
635,Apr-05-2021,59840.0,58550.0,60100.0,57155.0,5.91K,1.67%
636,Apr-04-2021,58855.0,59500.0,60000.0,58470.0,-,-1.27%
637,Apr-02-2021,59615.0,59455.0,61000.0,59110.0,2.18K,0.00%
638,Apr-01-2021,59615.0,59580.0,60345.0,58595.0,4.33K,0.56%
639,Mar-31-2021,59285.0,59360.0,60540.0,57380.0,6.92K,-0.70%
640,Mar-30-2021,59705.0,57940.0,60065.0,57585.0,4.63K,2.57%
641,Mar-29-2021,58210.0,55360.0,59000.0,55110.0,7.08K,3.58%
642,Mar-28-2021,56200.0,53887.5,56320.0,53887.5,-,5.35%
643,Mar-26-2021,53346.3,52425.0,53765.0,51305.0,-,2.21%
644,Mar-25-2021,52195.0,53665.0,53665.0,50360.0,11.14K,-4.48%
645,Mar-24-2021,54645.0,54580.0,57225.0,53135.0,8.67K,-0.62%
646,Mar-23-2021,54985.0,54665.0,55895.0,52915.0,8.66K,-1.12%
647,Mar-22-2021,55605.0,58195.0,58460.0,54105.0,7.20K,-3.14%
648,Mar-21-2021,57405.0,58470.0,58470.0,57280.0,-,-2.66%
649,Mar-19-2021,58975.0,57950.0,59575.0,56315.0,6.55K,2.81%
650,Mar-18-2021,57365.0,58500.0,60280.0,57090.0,9.66K,-1.06%
651,Mar-17-2021,57980.0,56695.0,58490.0,54285.0,7.70K,3.70%
652,Mar-16-2021,55910.0,57005.0,57175.0,53475.0,7.10K,-1.74%
653,Mar-15-2021,56900.0,58755.0,61255.0,54915.0,10.37K,-4.45%
654,Mar-14-2021,59550.0,57180.0,61252.5,57180.0,-,4.34%
655,Mar-12-2021,57075.0,58365.0,58725.0,55380.0,7.97K,-1.52%
656,Mar-11-2021,57955.0,56980.0,58390.0,54685.0,7.79K,2.36%
657,Mar-10-2021,56620.0,54530.0,57815.0,53430.0,7.10K,3.47%
658,Mar-09-2021,54720.0,51995.0,55265.0,51895.0,5.57K,4.94%
659,Mar-08-2021,52145.0,50580.0,52425.0,49500.0,7.53K,1.39%
660,Mar-07-2021,51430.0,49372.5,51957.5,49372.5,-,3.78%
661,Mar-05-2021,49555.0,48125.0,49745.0,46295.0,8.93K,2.58%
662,Mar-04-2021,48310.0,50970.0,52190.0,47425.0,11.80K,-5.09%
663,Mar-03-2021,50900.0,48035.0,53000.0,47955.0,6.34K,6.44%
664,Mar-02-2021,47820.0,49425.0,50550.0,47245.0,5.99K,-2.15%
665,Mar-01-2021,48870.0,45500.0,49985.0,45150.0,7.20K,7.35%
666,Feb-28-2021,45522.5,45700.0,46125.0,45160.0,-,-3.15%
667,Feb-26-2021,47001.6,48165.0,48300.0,44270.0,0.75K,-4.31%
668,Feb-25-2021,49120.0,48810.0,52040.0,48010.0,7.07K,-0.03%
669,Feb-24-2021,49135.0,48450.0,51310.0,47010.0,8.08K,3.09%
670,Feb-23-2021,47660.0,54515.0,54515.0,44900.0,18.21K,-11.28%
671,Feb-22-2021,53720.0,57450.0,57790.0,48320.0,18.52K,-8.20%
672,Feb-21-2021,58520.0,57920.0,58580.0,57920.0,-,5.38%
673,Feb-19-2021,55530.0,52035.0,56575.0,50695.0,11.46K,6.09%
674,Feb-18-2021,52340.0,52680.0,53080.0,51250.0,8.34K,-0.84%
675,Feb-17-2021,52785.0,49300.0,53210.0,49115.0,9.78K,7.89%
676,Feb-16-2021,48925.0,49415.0,51065.0,45950.0,15.41K,1.32%
677,Feb-15-2021,48287.5,49000.0,49490.0,46005.0,-,-1.47%
678,Feb-14-2021,49007.5,48440.0,49492.5,48440.0,-,2.01%
679,Feb-12-2021,48040.0,48000.0,49500.0,46500.0,7.53K,1.08%
680,Feb-11-2021,47525.0,45615.0,49215.0,44345.0,9.07K,5.81%
681,Feb-10-2021,44915.0,47500.0,48060.0,43950.0,9.74K,-5.97%
682,Feb-09-2021,47765.0,45210.0,48885.0,45175.0,11.11K,6.73%
683,Feb-08-2021,44755.0,39025.0,45500.0,38305.0,14.37K,14.18%
684,Feb-07-2021,39197.5,37875.0,39457.5,37875.0,-,3.11%
685,Feb-05-2021,38015.0,37700.0,38755.0,36895.0,4.77K,0.26%
686,Feb-04-2021,37915.0,37660.0,39200.0,36435.0,6.04K,1.40%
687,Feb-03-2021,37390.0,36015.0,37790.0,35740.0,4.81K,3.37%
688,Feb-02-2021,36170.0,33680.0,36370.0,33605.0,5.83K,6.38%
689,Feb-01-2021,34000.0,33315.0,35005.0,32530.0,6.29K,1.97%
690,Jan-31-2021,33342.5,34232.5,34330.0,33060.0,-,-10.47%
691,Jan-29-2021,37242.3,33515.0,38755.0,32000.0,-,14.07%
692,Jan-28-2021,32650.0,30640.0,33355.0,29860.0,7.27K,3.73%
693,Jan-27-2021,31475.0,32655.0,32925.0,29075.0,13.65K,-1.49%
694,Jan-26-2021,31950.0,32665.0,32845.0,30800.0,8.49K,-4.46%
695,Jan-25-2021,33440.0,32300.0,34930.0,32035.0,8.77K,2.33%
696,Jan-24-2021,32680.0,33617.5,33617.5,32420.0,-,-2.68%
697,Jan-22-2021,33580.0,30825.0,33860.0,28900.0,12.90K,5.20%
698,Jan-21-2021,31920.0,35200.0,35740.0,30930.0,13.37K,-8.89%
699,Jan-20-2021,35035.0,36700.0,36845.0,33435.0,9.62K,-4.26%
700,Jan-19-2021,36595.0,36250.0,38155.0,34890.0,14.76K,-0.49%
701,Jan-18-2021,36775.0,35915.0,37637.5,34875.0,-,2.39%
702,Jan-17-2021,35915.0,36425.0,36565.0,35765.0,-,0.81%
703,Jan-15-2021,35625.0,39205.0,39980.0,34555.0,14.05K,-10.05%
704,Jan-14-2021,39605.0,37500.0,40365.0,36915.0,10.51K,8.88%
705,Jan-13-2021,36375.0,34055.0,37580.0,32610.0,9.79K,5.43%
706,Jan-12-2021,34500.0,34840.0,37050.0,32780.0,14.58K,2.13%
707,Jan-11-2021,33780.0,38925.0,39165.0,31105.0,22.21K,-12.60%
708,Jan-10-2021,38650.0,40350.0,40350.0,38422.5,-,-2.20%
709,Jan-08-2021,39520.0,40275.0,42730.0,37000.0,15.38K,-0.26%
710,Jan-07-2021,39625.0,36445.0,41000.0,36445.0,16.83K,8.37%
711,Jan-06-2021,36565.0,34655.0,37035.0,33780.0,19.47K,5.94%
712,Jan-05-2021,34515.0,31655.0,34680.0,30250.0,8.15K,9.40%
713,Jan-04-2021,31550.0,33405.0,34170.0,28440.0,15.00K,-5.72%
714,Jan-03-2021,33465.0,29197.5,34095.0,29197.5,-,14.53%
715,Jan-01-2021,29220.0,29220.0,29220.0,29220.0,-,-0.56%
716,Dec-31-2020,29385.0,29075.0,29700.0,28230.0,5.53K,0.79%
717,Dec-30-2020,29155.0,27315.0,29370.0,27235.0,13.79K,7.15%
718,Dec-29-2020,27210.0,26955.0,27450.0,26080.0,7.63K,0.37%
719,Dec-28-2020,27110.0,26650.0,27900.0,26535.0,17.47K,1.63%
720,Dec-27-2020,26675.0,23650.0,27122.5,23650.0,-,14.99%
721,Dec-24-2020,23196.7,23250.0,23475.0,22715.0,0.98K,-1.33%
722,Dec-23-2020,23510.0,23495.0,24175.0,22800.0,6.88K,0.28%
723,Dec-22-2020,23445.0,23260.0,23645.0,22430.0,11.08K,2.47%
724,Dec-21-2020,22880.0,23605.0,24210.0,21950.0,12.96K,-2.77%
725,Dec-20-2020,23532.5,23297.5,23667.5,22915.0,-,2.94%
726,Dec-18-2020,22860.0,23050.0,23415.0,22435.0,7.11K,-0.04%
727,Dec-17-2020,22870.0,21460.0,23915.0,21320.0,16.83K,9.27%
728,Dec-16-2020,20930.0,19505.0,21430.0,19340.0,12.92K,7.00%
729,Dec-15-2020,19560.0,19340.0,19675.0,19120.0,5.82K,1.50%
730,Dec-14-2020,19270.0,19155.0,19430.0,19080.0,6.12K,0.10%
731,Dec-13-2020,19250.0,18285.0,19335.0,18135.0,-,6.83%
732,Dec-11-2020,18020.0,18415.0,18460.0,17575.0,6.06K,-2.28%
733,Dec-10-2020,18440.0,18630.0,18750.0,17940.0,6.95K,0.11%
734,Dec-09-2020,18420.0,18685.0,18685.0,17705.0,6.75K,-2.15%
735,Dec-08-2020,18825.0,19215.0,19475.0,18695.0,7.33K,-1.80%
736,Dec-07-2020,19170.0,19205.0,19615.0,19020.0,5.21K,-1.94%
737,Dec-06-2020,19550.0,19052.5,19607.5,18910.0,-,2.36%
738,Dec-04-2020,19100.0,19680.0,19750.0,18830.0,7.57K,-2.38%
739,Dec-03-2020,19565.0,19340.0,19880.0,19070.0,7.20K,1.40%
740,Dec-02-2020,19295.0,19155.0,19585.0,18560.0,7.99K,0.10%
741,Dec-01-2020,19275.0,19800.0,20360.0,18300.0,13.56K,-2.31%
742,Nov-30-2020,19730.0,18275.0,20260.0,18275.0,12.03K,7.11%
743,Nov-29-2020,18420.0,18430.0,18477.5,18350.0,-,10.78%
744,Nov-27-2020,16627.5,18865.0,18935.0,16230.0,7.86K,-2.99%
745,Nov-26-2020,17140.0,18745.0,18937.5,16230.0,-,-9.38%
746,Nov-25-2020,18915.0,19135.0,19605.0,18640.0,12.22K,-1.02%
747,Nov-24-2020,19110.0,18455.0,19515.0,18075.0,14.15K,3.80%
748,Nov-23-2020,18410.0,18625.0,18850.0,18040.0,12.52K,-0.41%
749,Nov-22-2020,18485.0,18625.0,18750.0,18450.0,-,-1.07%
750,Nov-20-2020,18685.0,17910.0,18880.0,17740.0,9.87K,3.26%
751,Nov-19-2020,18095.0,17905.0,18260.0,17375.0,6.74K,2.32%
752,Nov-18-2020,17685.0,17675.0,18540.0,17235.0,12.93K,-0.25%
753,Nov-17-2020,17730.0,16795.0,17930.0,16620.0,9.41K,4.94%
754,Nov-16-2020,16895.0,16035.0,16935.0,15915.0,5.40K,5.41%
755,Nov-15-2020,16027.5,16405.0,16405.0,16005.0,-,-1.49%
756,Nov-13-2020,16270.0,16350.0,16585.0,16025.0,4.06K,0.18%
757,Nov-12-2020,16240.0,16000.0,16300.0,15520.0,6.41K,2.75%
758,Nov-11-2020,15805.0,15450.0,16090.0,15350.0,6.20K,2.93%
759,Nov-10-2020,15355.0,15435.0,15595.0,15130.0,5.97K,-0.61%
760,Nov-09-2020,15450.0,15665.0,16005.0,14880.0,12.35K,-1.28%
761,Nov-08-2020,15650.0,15647.5,15720.0,15512.5,-,0.13%
762,Nov-06-2020,15630.0,15685.0,16155.0,15350.0,8.14K,2.42%
763,Nov-05-2020,15260.0,14165.0,15505.0,14165.0,7.46K,7.46%
764,Nov-04-2020,14200.0,13925.0,14420.0,13635.0,9.53K,2.56%
765,Nov-03-2020,13845.0,13730.0,13950.0,13390.0,3.73K,0.40%
766,Nov-02-2020,13790.0,13955.0,14065.0,13370.0,5.04K,-1.25%
767,Nov-01-2020,13965.0,13905.0,13990.0,13747.5,-,3.61%
768,Oct-30-2020,13478.6,13530.0,13660.0,13150.0,0.63K,-0.20%
769,Oct-29-2020,13505.0,13200.0,13665.0,12995.0,6.88K,2.50%
770,Oct-28-2020,13175.0,13680.0,13870.0,12885.0,10.75K,-3.73%
771,Oct-27-2020,13685.0,13050.0,13780.0,13025.0,9.03K,4.91%
772,Oct-26-2020,13045.0,13100.0,13300.0,12805.0,6.03K,-1.25%
773,Oct-25-2020,13210.0,13307.5,13362.5,13145.0,-,1.85%
774,Oct-23-2020,12970.0,13220.0,13260.0,12775.0,3.79K,-1.41%
775,Oct-22-2020,13155.0,12965.0,13285.0,12725.0,7.37K,3.14%
776,Oct-21-2020,12755.0,11995.0,13005.0,11960.0,10.22K,6.56%
777,Oct-20-2020,11970.0,11795.0,12110.0,11740.0,4.06K,1.83%
778,Oct-19-2020,11755.0,11505.0,11910.0,11470.0,6.88K,1.64%
779,Oct-18-2020,11565.0,11480.0,11585.0,11480.0,-,1.80%
780,Oct-16-2020,11360.0,11610.0,11610.0,11225.0,5.37K,-2.03%
781,Oct-15-2020,11595.0,11440.0,11695.0,11315.0,3.42K,1.62%
782,Oct-14-2020,11410.0,11500.0,11630.0,11340.0,3.47K,-0.26%
783,Oct-13-2020,11440.0,11760.0,11805.0,11355.0,4.17K,-1.63%
784,Oct-12-2020,11630.0,11360.0,11700.0,11280.0,6.34K,1.35%
785,Oct-11-2020,11475.0,11112.5,11502.5,11112.5,-,3.29%
786,Oct-09-2020,11110.0,10950.0,11205.0,10910.0,3.47K,1.41%
787,Oct-08-2020,10955.0,10735.0,11065.0,10580.0,5.07K,2.19%
788,Oct-07-2020,10720.0,10600.0,10760.0,10595.0,2.26K,0.85%
789,Oct-06-2020,10630.0,10815.0,10890.0,10565.0,4.09K,-1.71%
790,Oct-05-2020,10815.0,10700.0,10865.0,10670.0,4.46K,0.86%
791,Oct-04-2020,10722.5,10712.5,10745.0,10600.0,-,1.64%
792,Oct-02-2020,10550.0,10615.0,10705.0,10410.0,5.87K,-0.89%
793,Oct-01-2020,10645.0,10835.0,11060.0,10430.0,11.71K,-1.16%
794,Sep-30-2020,10770.0,10850.0,10940.0,10725.0,5.67K,-0.42%
795,Sep-29-2020,10815.0,10970.0,10990.0,10680.0,4.76K,-1.32%
796,Sep-28-2020,10960.0,10800.0,11080.0,10795.0,4.10K,0.78%
797,Sep-27-2020,10875.0,10747.5,10887.5,10747.5,-,2.53%
798,Sep-25-2020,10606.8,10630.0,10805.0,10560.0,1.06K,-0.59%
799,Sep-24-2020,10670.0,10240.0,10750.0,10190.0,8.99K,3.79%
800,Sep-23-2020,10280.0,10545.0,10550.0,10140.0,7.72K,-2.05%
801,Sep-22-2020,10495.0,10485.0,10525.0,10350.0,4.08K,0.10%
802,Sep-21-2020,10485.0,10885.0,11005.0,10265.0,12.88K,-4.03%
803,Sep-20-2020,10925.0,10875.0,10947.5,10840.0,-,0.41%
804,Sep-18-2020,10880.0,10975.0,11075.0,10815.0,4.50K,-0.64%
805,Sep-17-2020,10950.0,11045.0,11075.0,10755.0,7.18K,-0.59%
806,Sep-16-2020,11015.0,10890.0,11150.0,10690.0,7.06K,1.85%
807,Sep-15-2020,10815.0,10750.0,10975.0,10645.0,4.05K,1.03%
808,Sep-14-2020,10705.0,10315.0,10805.0,10270.0,6.53K,3.43%
809,Sep-13-2020,10350.0,10395.0,10405.0,10292.5,-,0.10%
810,Sep-11-2020,10340.0,10370.0,10420.0,10215.0,4.82K,0.24%
811,Sep-10-2020,10315.0,10285.0,10565.0,10215.0,7.86K,-0.05%
812,Sep-09-2020,10320.0,10060.0,10385.0,9850.0,5.22K,3.05%
813,Sep-08-2020,10015.0,10425.0,10475.0,9890.0,14.55K,-3.79%
814,Sep-07-2020,10410.0,10275.0,10460.0,9895.0,-,1.26%
815,Sep-06-2020,10280.0,10597.5,10597.5,10212.5,-,-3.20%
816,Sep-04-2020,10620.0,10780.0,10785.0,9905.0,15.67K,-0.93%
817,Sep-03-2020,10720.0,11440.0,11530.0,10460.0,15.41K,-6.46%
818,Sep-02-2020,11460.0,12135.0,12175.0,11165.0,17.21K,-5.09%
819,Sep-01-2020,12075.0,11755.0,12200.0,11625.0,8.92K,2.03%
820,Aug-31-2020,11835.0,11735.0,11915.0,11705.0,4.87K,-0.29%
821,Aug-30-2020,11870.0,11792.5,11877.5,11657.5,-,3.68%
822,Aug-28-2020,11449.1,11335.0,11525.0,11280.0,1.66K,1.59%
823,Aug-27-2020,11270.0,11495.0,11610.0,11125.0,9.01K,-1.83%
824,Aug-26-2020,11480.0,11300.0,11570.0,11260.0,6.64K,1.50%
825,Aug-25-2020,11310.0,11765.0,11810.0,11115.0,12.76K,-3.91%
826,Aug-24-2020,11770.0,11695.0,11865.0,11595.0,7.42K,-0.38%
827,Aug-23-2020,11815.0,11955.0,11960.0,11810.0,-,1.03%
828,Aug-21-2020,11695.0,12125.0,12125.0,11600.0,9.66K,-1.68%
829,Aug-20-2020,11895.0,11740.0,11950.0,11710.0,4.86K,1.75%
830,Aug-19-2020,11690.0,12100.0,12150.0,11580.0,10.16K,-2.87%
831,Aug-18-2020,12035.0,12470.0,12555.0,11850.0,10.62K,-3.60%
832,Aug-17-2020,12485.0,11950.0,12635.0,11905.0,8.88K,3.40%
833,Aug-16-2020,12075.0,11900.0,12082.5,11900.0,-,1.17%
834,Aug-14-2020,11935.0,11765.0,12000.0,11740.0,9.98K,2.98%
835,Aug-13-2020,11590.0,11600.0,11760.0,11340.0,5.06K,-0.64%
836,Aug-12-2020,11665.0,11340.0,11745.0,11220.0,6.07K,2.01%
837,Aug-11-2020,11435.0,12005.0,12090.0,11190.0,10.29K,-4.83%
838,Aug-10-2020,12015.0,11800.0,12220.0,11645.0,9.86K,1.99%
839,Aug-09-2020,11780.0,11727.5,11817.5,11727.5,-,1.77%
840,Aug-07-2020,11575.0,11990.0,12085.0,11395.0,10.01K,-3.86%
841,Aug-06-2020,12040.0,11930.0,12085.0,11705.0,4.90K,1.60%
842,Aug-05-2020,11850.0,11385.0,11975.0,11190.0,11.37K,4.22%
843,Aug-04-2020,11370.0,11560.0,11600.0,11125.0,6.92K,-2.15%
844,Aug-03-2020,11620.0,11350.0,11720.0,11180.0,5.33K,2.74%
845,Aug-02-2020,11310.0,11512.5,11680.0,11277.5,-,0.91%
846,Jul-31-2020,11207.5,11155.0,11245.0,10985.0,1.46K,0.56%
847,Jul-30-2020,11145.0,11350.0,11405.0,10835.0,7.34K,-0.85%
848,Jul-29-2020,11240.0,11060.0,11350.0,10890.0,9.08K,1.86%
849,Jul-28-2020,11035.0,11080.0,11540.0,10635.0,15.29K,1.28%
850,Jul-27-2020,10895.0,9925.0,11055.0,9925.0,16.16K,8.22%
851,Jul-26-2020,10067.5,9717.5,10080.0,9717.5,-,4.71%
852,Jul-24-2020,9615.0,9665.0,9665.0,9505.0,3.11K,-0.36%
853,Jul-23-2020,9650.0,9425.0,9735.0,9425.0,6.65K,2.39%
854,Jul-22-2020,9425.0,9415.0,9435.0,9295.0,3.12K,0.32%
855,Jul-21-2020,9395.0,9205.0,9480.0,9175.0,5.41K,2.23%
856,Jul-20-2020,9190.0,9200.0,9280.0,9155.0,2.43K,-0.84%
857,Jul-19-2020,9267.5,9165.0,9280.0,9165.0,-,0.79%
858,Jul-17-2020,9195.0,9130.0,9220.0,9095.0,1.67K,0.55%
859,Jul-16-2020,9145.0,9240.0,9265.0,9040.0,3.34K,-0.49%
860,Jul-15-2020,9190.0,9295.0,9320.0,9165.0,2.33K,-1.29%
861,Jul-14-2020,9310.0,9275.0,9320.0,9135.0,2.87K,0.43%
862,Jul-13-2020,9270.0,9290.0,9410.0,9240.0,2.84K,-0.78%
863,Jul-12-2020,9342.5,9270.0,9377.5,9270.0,-,0.73%
864,Jul-10-2020,9275.0,9275.0,9285.0,9145.0,2.30K,0.22%
865,Jul-09-2020,9255.0,9505.0,9545.0,9190.0,5.93K,-2.68%
866,Jul-08-2020,9510.0,9310.0,9570.0,9285.0,5.16K,2.37%
867,Jul-07-2020,9290.0,9350.0,9455.0,9250.0,2.98K,-0.69%
868,Jul-06-2020,9355.0,9100.0,9435.0,9060.0,6.89K,2.69%
869,Jul-05-2020,9110.0,9130.0,9145.0,9057.5,-,-0.16%
870,Jul-03-2020,9125.0,9120.0,9167.5,9077.5,-,0.72%
871,Jul-02-2020,9060.0,9280.0,9335.0,8950.0,6.56K,-2.84%
872,Jul-01-2020,9325.0,9200.0,9390.0,9140.0,4.79K,1.52%
873,Jun-30-2020,9185.0,9255.0,9295.0,9100.0,2.86K,-0.16%
874,Jun-29-2020,9200.0,9175.0,9240.0,9050.0,2.74K,0.44%
875,Jun-28-2020,9160.0,9237.5,9237.5,9122.5,-,0.83%
876,Jun-26-2020,9084.2,9285.0,9300.0,9055.0,1.01K,-2.11%
877,Jun-25-2020,9280.0,9245.0,9315.0,8985.0,5.01K,-0.05%
878,Jun-24-2020,9285.0,9665.0,9685.0,9180.0,8.26K,-3.88%
879,Jun-23-2020,9660.0,9725.0,9755.0,9600.0,3.81K,0.78%
880,Jun-22-2020,9585.0,9350.0,9700.0,9280.0,5.06K,2.27%
881,Jun-21-2020,9372.5,9325.0,9455.0,9325.0,-,0.62%
882,Jun-19-2020,9315.0,9385.0,9465.0,9245.0,3.48K,-1.01%
883,Jun-18-2020,9410.0,9425.0,9515.0,9320.0,2.14K,0.91%
884,Jun-17-2020,9325.0,9540.0,9600.0,9255.0,3.21K,-2.15%
885,Jun-16-2020,9530.0,9475.0,9630.0,9415.0,3.44K,0.95%
886,Jun-15-2020,9440.0,9370.0,9525.0,8930.0,5.85K,0.85%
887,Jun-14-2020,9360.0,9477.5,9477.5,9270.0,-,-1.11%
888,Jun-12-2020,9465.0,9380.0,9610.0,9265.0,3.85K,1.77%
889,Jun-11-2020,9300.0,9945.0,10060.0,9090.0,10.87K,-6.39%
890,Jun-10-2020,9935.0,9905.0,10130.0,9720.0,7.01K,1.33%
891,Jun-09-2020,9805.0,9630.0,9985.0,9620.0,4.29K,0.26%
892,Jun-08-2020,9780.0,9810.0,9900.0,9720.0,3.76K,-0.53%
893,Jun-07-2020,9832.5,9725.0,9870.0,9725.0,-,0.33%
894,Jun-05-2020,9800.0,9865.0,9950.0,9675.0,4.51K,-0.96%
895,Jun-04-2020,9895.0,9665.0,9985.0,9535.0,4.33K,2.49%
896,Jun-03-2020,9655.0,9580.0,9730.0,9465.0,3.18K,0.78%
897,Jun-02-2020,9580.0,9745.0,10565.0,9335.0,14.05K,-0.73%
898,Jun-01-2020,9650.0,9530.0,9775.0,9465.0,3.66K,1.21%
899,May-31-2020,9535.0,9532.5,9595.0,9470.0,-,0.97%
900,May-29-2020,9443.4,9460.0,9610.0,9350.0,-,-0.07%
901,May-28-2020,9450.0,9095.0,9555.0,9055.0,6.14K,3.05%
902,May-27-2020,9170.0,8850.0,9265.0,8810.0,5.65K,4.38%
903,May-26-2020,8785.0,9050.0,9065.0,8630.0,8.29K,-2.17%
904,May-25-2020,8980.0,8777.5,9015.0,8695.0,-,2.31%
905,May-24-2020,8777.5,9090.0,9202.5,8775.0,-,-4.33%
906,May-22-2020,9175.0,9185.0,9285.0,8945.0,4.56K,1.10%
907,May-21-2020,9075.0,9585.0,9610.0,8815.0,8.80K,-5.17%
908,May-20-2020,9570.0,9755.0,9895.0,9330.0,6.28K,-1.14%
909,May-19-2020,9680.0,9745.0,9955.0,9505.0,6.70K,-0.67%
910,May-18-2020,9745.0,9795.0,10035.0,9515.0,7.69K,0.15%
911,May-17-2020,9730.0,9377.5,9837.5,9377.5,-,3.57%
912,May-15-2020,9395.0,9855.0,9930.0,9170.0,7.86K,-3.39%
913,May-14-2020,9725.0,9400.0,10070.0,9355.0,8.87K,4.91%
914,May-13-2020,9270.0,8845.0,9430.0,8830.0,5.00K,4.51%
915,May-12-2020,8870.0,8680.0,9050.0,8560.0,6.91K,0.85%
916,May-11-2020,8795.0,8820.0,9275.0,8220.0,19.23K,0.00%
917,May-10-2020,8795.0,10100.0,10100.0,8645.0,-,-12.31%
918,May-08-2020,10030.0,10010.0,10220.0,9820.0,6.75K,0.20%
919,May-07-2020,10010.0,9370.0,10115.0,9105.0,12.11K,7.17%
920,May-06-2020,9340.0,9035.0,9515.0,8980.0,6.33K,3.95%
921,May-05-2020,8985.0,9055.0,9225.0,8835.0,4.68K,0.56%
922,May-04-2020,8935.0,8965.0,9060.0,8600.0,3.99K,-0.67%
923,May-03-2020,8995.0,8852.5,9065.0,8852.5,-,1.75%
924,May-01-2020,8840.0,8850.0,9145.0,8655.0,5.13K,-1.01%
925,Apr-30-2020,8930.0,8940.0,9560.0,8480.0,10.52K,1.19%
926,Apr-29-2020,8825.0,7800.0,9065.0,7780.0,9.73K,13.43%
927,Apr-28-2020,7780.0,7845.0,7875.0,7735.0,1.76K,0.00%
928,Apr-27-2020,7780.0,7665.0,7905.0,7645.0,2.87K,0.00%
929,Apr-26-2020,7780.0,7682.5,7780.0,7640.0,-,4.28%
930,Apr-24-2020,7460.9,7610.0,7620.0,7400.0,1.12K,-1.05%
931,Apr-23-2020,7540.0,7115.0,7805.0,7045.0,8.04K,5.97%
932,Apr-22-2020,7115.0,6920.0,7195.0,6830.0,3.50K,3.27%
933,Apr-21-2020,6890.0,6875.0,6960.0,6780.0,2.88K,1.40%
934,Apr-20-2020,6795.0,7200.0,7255.0,6765.0,4.30K,-5.89%
935,Apr-19-2020,7220.0,7270.0,7270.0,7195.0,-,1.98%
936,Apr-17-2020,7080.0,7105.0,7235.0,7010.0,1.86K,-0.35%
937,Apr-16-2020,7105.0,6735.0,7205.0,6465.0,6.36K,5.42%
938,Apr-15-2020,6740.0,6895.0,6950.0,6685.0,2.14K,-3.02%
939,Apr-14-2020,6950.0,6855.0,7010.0,6785.0,2.23K,2.06%
940,Apr-13-2020,6810.0,7160.0,7160.0,6555.0,5.40K,-1.41%
941,Apr-12-2020,6907.5,7242.5,7355.0,6890.0,-,-5.25%
942,Apr-09-2020,7290.0,7335.0,7415.0,7090.0,2.79K,-0.61%
943,Apr-08-2020,7335.0,7195.0,7475.0,7160.0,3.07K,0.07%
944,Apr-07-2020,7330.0,7350.0,7515.0,7105.0,7.75K,0.00%
945,Apr-06-2020,7330.0,6820.0,7375.0,6785.0,10.94K,7.79%
946,Apr-05-2020,6800.0,6750.0,6982.5,6725.0,-,0.00%
947,Apr-03-2020,6800.0,6890.0,7100.0,6625.0,3.94K,-0.95%
948,Apr-02-2020,6865.0,6400.0,7345.0,6380.0,9.59K,10.55%
949,Apr-01-2020,6210.0,6455.0,6465.0,6155.0,2.66K,-4.09%
950,Mar-31-2020,6475.0,6505.0,6660.0,6340.0,2.31K,1.49%
951,Mar-30-2020,6380.0,6045.0,6535.0,5835.0,4.34K,8.83%
952,Mar-29-2020,5862.5,6925.0,6925.0,5857.5,-,-11.82%
953,Mar-27-2020,6648.4,6755.0,6855.0,6570.0,0.46K,-0.40%
954,Mar-26-2020,6675.0,6600.0,6805.0,6520.0,3.50K,0.68%
955,Mar-25-2020,6630.0,6740.0,6995.0,6465.0,5.18K,-1.41%
956,Mar-24-2020,6725.0,6450.0,6885.0,6395.0,7.84K,6.75%
957,Mar-23-2020,6300.0,6060.0,6650.0,5685.0,8.33K,7.51%
958,Mar-22-2020,5860.0,6412.5,6477.5,5775.0,-,-5.64%
959,Mar-20-2020,6210.0,6275.0,6950.0,5665.0,6.79K,-0.48%
960,Mar-19-2020,6240.0,5380.0,6410.0,5275.0,8.96K,16.85%
961,Mar-18-2020,5340.0,5440.0,5475.0,4990.0,8.75K,-0.74%
962,Mar-17-2020,5380.0,4975.0,5525.0,4835.0,6.88K,9.13%
963,Mar-16-2020,4930.0,5850.0,5850.0,4390.0,14.88K,-7.50%
964,Mar-15-2020,5330.0,5252.5,5847.5,5215.0,-,0.00%
965,Mar-13-2020,5330.0,5775.0,5935.0,4210.0,15.53K,-11.31%
966,Mar-12-2020,6010.0,7840.0,8000.0,5595.0,16.03K,-23.49%
967,Mar-11-2020,7855.0,7990.0,8025.0,7610.0,3.91K,-1.75%
968,Mar-10-2020,7995.0,7835.0,8175.0,7755.0,5.07K,1.85%
969,Mar-09-2020,7850.0,8265.0,8280.0,7640.0,9.51K,-2.39%
970,Mar-08-2020,8042.5,9267.5,9267.5,7995.0,-,-12.25%
971,Mar-06-2020,9165.0,9140.0,9250.0,9060.0,1.83K,-0.33%
972,Mar-05-2020,9195.0,8805.0,9250.0,8795.0,3.73K,4.97%
973,Mar-04-2020,8760.0,8830.0,8910.0,8700.0,1.84K,-0.11%
974,Mar-03-2020,8770.0,8990.0,8995.0,8740.0,2.96K,-2.28%
975,Mar-02-2020,8975.0,8645.0,9030.0,8540.0,2.16K,4.48%
976,Mar-01-2020,8590.0,8677.5,8770.0,8590.0,-,-0.84%
977,Feb-28-2020,8663.0,8825.0,8905.0,8430.0,0.63K,-2.55%
978,Feb-27-2020,8890.0,8780.0,8980.0,8520.0,3.90K,1.25%
979,Feb-26-2020,8780.0,9385.0,9395.0,8595.0,7.64K,-5.79%
980,Feb-25-2020,9320.0,9640.0,9695.0,9240.0,4.06K,-2.92%
981,Feb-24-2020,9600.0,9935.0,10075.0,9480.0,7.38K,-5.70%
982,Feb-23-2020,10180.0,9882.5,10195.0,9797.5,-,4.52%
983,Feb-21-2020,9740.0,9650.0,9830.0,9600.0,2.13K,1.30%
984,Feb-20-2020,9615.0,9735.0,9735.0,9405.0,3.92K,-5.97%
985,Feb-19-2020,10225.0,10280.0,10545.0,9245.0,9.02K,-0.24%
986,Feb-18-2020,10250.0,9980.0,10365.0,9505.0,20.88K,5.05%
987,Feb-17-2020,9757.5,9995.0,10040.0,9505.0,-,-2.38%
988,Feb-16-2020,9995.0,10335.0,10335.0,9930.0,-,-4.76%
989,Feb-14-2020,10495.0,10305.0,10635.0,10210.0,8.77K,1.84%
990,Feb-13-2020,10305.0,10505.0,10670.0,10160.0,16.24K,-2.09%
991,Feb-12-2020,10525.0,10325.0,10620.0,10315.0,13.01K,1.15%
992,Feb-11-2020,10405.0,9930.0,10570.0,9790.0,15.83K,4.73%
993,Feb-10-2020,9935.0,10200.0,10360.0,9510.0,6.78K,-3.66%
994,Feb-09-2020,10312.5,9875.0,10337.5,9850.0,-,4.75%
995,Feb-07-2020,9845.0,9805.0,10030.0,9740.0,8.52K,-0.51%
996,Feb-06-2020,9895.0,9800.0,10010.0,9685.0,12.01K,0.66%
997,Feb-05-2020,9830.0,9245.0,9945.0,9225.0,14.31K,6.21%
998,Feb-04-2020,9255.0,9355.0,9440.0,9130.0,8.19K,-1.65%
999,Feb-03-2020,9410.0,9495.0,9790.0,9270.0,8.92K,-0.45%
1000,Feb-02-2020,9452.5,9475.0,9540.0,9392.5,-,1.88%
1001,Jan-31-2020,9277.6,9555.0,9555.0,9180.0,1.07K,-2.90%
1002,Jan-30-2020,9555.0,9335.0,9570.0,9160.0,15.04K,1.76%
1003,Jan-29-2020,9390.0,9040.0,9480.0,9040.0,12.12K,3.64%
1004,Jan-28-2020,9060.0,8935.0,9215.0,8895.0,15.88K,0.72%
1005,Jan-27-2020,8995.0,8595.0,9020.0,8575.0,13.13K,3.81%
1006,Jan-26-2020,8665.0,8457.5,8680.0,8457.5,-,2.00%
1007,Jan-24-2020,8495.0,8410.0,8540.0,8235.0,9.84K,1.49%
1008,Jan-23-2020,8370.0,8665.0,8705.0,8290.0,13.85K,-3.57%
1009,Jan-22-2020,8680.0,8775.0,8865.0,8600.0,4.72K,-0.80%
1010,Jan-21-2020,8750.0,8720.0,8825.0,8515.0,7.46K,0.92%
1011,Jan-20-2020,8670.0,8740.0,8760.0,8535.0,-,-0.80%
1012,Jan-19-2020,8740.0,8835.0,8922.5,8645.0,-,-2.07%
1013,Jan-17-2020,8925.0,8765.0,9085.0,8720.0,6.90K,1.54%
1014,Jan-16-2020,8790.0,8925.0,8955.0,8615.0,5.82K,-1.01%
1015,Jan-15-2020,8880.0,8810.0,8995.0,8635.0,7.02K,1.49%
1016,Jan-14-2020,8750.0,8165.0,8955.0,8150.0,13.50K,6.71%
1017,Jan-13-2020,8200.0,8235.0,8300.0,8100.0,3.21K,-1.00%
1018,Jan-12-2020,8282.5,7965.0,8282.5,7965.0,-,1.81%
1019,Jan-10-2020,8135.0,7855.0,8220.0,7700.0,13.11K,3.17%
1020,Jan-09-2020,7885.0,8120.0,8170.0,7800.0,10.40K,-2.77%
1021,Jan-08-2020,8110.0,8165.0,8595.0,7915.0,16.33K,-2.05%
1022,Jan-07-2020,8280.0,7725.0,8300.0,7725.0,11.53K,8.73%
1023,Jan-06-2020,7615.0,7435.0,7685.0,7385.0,6.10K,2.46%
1024,Jan-05-2020,7432.5,7402.5,7445.0,7385.0,-,0.64%
1025,Jan-03-2020,7385.0,6960.0,7500.0,6860.0,8.66K,6.41%
1026,Jan-02-2020,6940.0,7225.0,7225.0,6900.0,4.75K,-3.74%
1027,Jan-01-2020,7210.0,7220.0,7230.0,7202.5,-,0.00%
1028,Dec-31-2019,7210.0,7295.0,7350.0,7160.0,2.95K,-1.03%
1029,Dec-30-2019,7285.0,7445.0,7480.0,7245.0,3.12K,-2.15%
1030,Dec-29-2019,7445.0,7270.0,7470.0,7187.5,-,3.35%
1031,Dec-27-2019,7203.8,7195.0,7245.0,7055.0,0.61K,-0.64%
1032,Dec-26-2019,7250.0,7220.0,7445.0,7170.0,4.30K,-2.13%
1033,Dec-25-2019,7407.5,7265.0,7407.5,7265.0,-,2.38%
1034,Dec-24-2019,7235.0,7330.0,7430.0,7215.0,3.52K,-2.36%
1035,Dec-23-2019,7410.0,7420.0,7715.0,7290.0,7.85K,-1.98%
1036,Dec-22-2019,7560.0,7262.5,7577.5,7225.0,-,4.56%
1037,Dec-20-2019,7230.0,7160.0,7235.0,7085.0,2.48K,0.91%
1038,Dec-19-2019,7165.0,7280.0,7440.0,7055.0,4.60K,0.42%
1039,Dec-18-2019,7135.0,6575.0,7235.0,6420.0,11.82K,8.43%
1040,Dec-17-2019,6580.0,6880.0,6940.0,6560.0,5.98K,-4.08%
1041,Dec-16-2019,6860.0,7120.0,7145.0,6790.0,7.72K,-3.52%
1042,Dec-15-2019,7110.0,7215.0,7287.5,7082.5,-,-2.13%
1043,Dec-13-2019,7265.0,7215.0,7335.0,7200.0,3.65K,0.00%
1044,Dec-12-2019,7265.0,7210.0,7370.0,7070.0,4.52K,1.25%
1045,Dec-11-2019,7175.0,7250.0,7290.0,7130.0,2.98K,-0.55%
1046,Dec-10-2019,7215.0,7345.0,7410.0,7165.0,3.36K,-1.43%
1047,Dec-09-2019,7320.0,7570.0,7705.0,7290.0,3.53K,-3.05%
1048,Dec-08-2019,7550.0,7467.5,7585.0,7427.5,-,1.21%
1049,Dec-06-2019,7460.0,7435.0,7655.0,7335.0,3.51K,0.54%
1050,Dec-05-2019,7420.0,7255.0,7525.0,7180.0,4.44K,2.77%
1051,Dec-04-2019,7220.0,7335.0,7965.0,7085.0,8.67K,-1.63%
1052,Dec-03-2019,7340.0,7370.0,7445.0,7260.0,1.71K,0.07%
1053,Dec-02-2019,7335.0,7465.0,7555.0,7195.0,4.33K,-1.71%
1054,Dec-01-2019,7462.5,7812.5,7850.0,7452.5,-,-4.03%
1055,Nov-29-2019,7775.7,7530.0,7800.0,7365.0,2.45K,4.72%
1056,Nov-28-2019,7425.0,7547.5,7657.5,7365.0,-,-1.92%
1057,Nov-27-2019,7570.0,7150.0,7700.0,6835.0,8.58K,6.39%
1058,Nov-26-2019,7115.0,7205.0,7345.0,7015.0,5.90K,-0.70%
1059,Nov-25-2019,7165.0,7050.0,7375.0,6510.0,10.02K,3.69%
1060,Nov-24-2019,6910.0,7440.0,7440.0,6870.0,-,-5.73%
1061,Nov-22-2019,7330.0,7620.0,7735.0,6775.0,9.94K,-3.30%
1062,Nov-21-2019,7580.0,8110.0,8140.0,7360.0,5.63K,-6.54%
1063,Nov-20-2019,8110.0,8145.0,8275.0,8045.0,3.89K,0.00%
1064,Nov-19-2019,8110.0,8200.0,8215.0,8005.0,3.01K,-1.16%
1065,Nov-18-2019,8205.0,8550.0,8565.0,8005.0,4.00K,-3.53%
1066,Nov-17-2019,8505.0,8557.5,8662.5,8495.0,-,0.00%
1067,Nov-15-2019,8505.0,8680.0,8820.0,8355.0,4.10K,-1.96%
1068,Nov-14-2019,8675.0,8805.0,8830.0,8590.0,2.34K,-1.25%
1069,Nov-13-2019,8785.0,8815.0,8880.0,8730.0,2.12K,-0.57%
1070,Nov-12-2019,8835.0,8735.0,8915.0,8555.0,3.55K,0.97%
1071,Nov-11-2019,8750.0,9100.0,9135.0,8585.0,3.62K,-3.26%
1072,Nov-10-2019,9045.0,8850.0,9132.5,8850.0,-,2.26%
1073,Nov-08-2019,8845.0,9260.0,9305.0,8680.0,5.49K,-4.07%
1074,Nov-07-2019,9220.0,9425.0,9460.0,9125.0,3.32K,-1.50%
1075,Nov-06-2019,9360.0,9405.0,9515.0,9325.0,1.37K,-0.64%
1076,Nov-05-2019,9420.0,9480.0,9580.0,8360.0,2.88K,-1.52%
1077,Nov-04-2019,9565.0,9270.0,9790.0,9170.0,3.45K,3.43%
1078,Nov-03-2019,9247.5,9387.5,9387.5,9090.0,-,0.14%
1079,Nov-01-2019,9235.0,9230.0,9360.0,9120.0,2.64K,-0.75%
1080,Oct-31-2019,9305.0,9225.0,9510.0,9000.0,2.09K,0.38%
1081,Oct-30-2019,9270.0,9540.0,9565.0,9060.0,3.55K,-0.48%
1082,Oct-29-2019,9315.0,9585.0,9655.0,9155.0,3.04K,-2.26%
1083,Oct-28-2019,9530.0,9700.0,10050.0,9330.0,6.47K,-1.06%
1084,Oct-27-2019,9632.5,8667.5,9840.0,8667.5,-,25.45%
1085,Oct-25-2019,7678.5,7450.0,7720.0,7400.0,0.56K,2.52%
1086,Oct-24-2019,7490.0,7420.0,7515.0,7355.0,3.21K,0.20%
1087,Oct-23-2019,7475.0,8080.0,8110.0,7245.0,5.77K,-8.45%
1088,Oct-22-2019,8165.0,8230.0,8330.0,8065.0,2.45K,-0.49%
1089,Oct-21-2019,8205.0,8255.0,8380.0,8160.0,3.64K,-1.11%
1090,Oct-20-2019,8297.5,8290.0,8300.0,8237.5,-,4.24%
1091,Oct-18-2019,7960.0,8065.0,8130.0,7805.0,3.41K,-1.24%
1092,Oct-17-2019,8060.0,7975.0,8150.0,7935.0,2.58K,1.38%
1093,Oct-16-2019,7950.0,8150.0,8195.0,7900.0,3.69K,-2.69%
1094,Oct-15-2019,8170.0,8340.0,8435.0,8085.0,2.75K,-2.21%
1095,Oct-14-2019,8355.0,8255.0,8435.0,8220.0,1.77K,0.88%
1096,Oct-13-2019,8282.5,8327.5,8330.0,8252.5,-,-0.87%
1097,Oct-11-2019,8355.0,8595.0,8850.0,8285.0,4.13K,-2.79%
1098,Oct-10-2019,8595.0,8605.0,8670.0,8445.0,2.72K,-0.58%
1099,Oct-09-2019,8645.0,8185.0,8780.0,8125.0,4.72K,5.81%
1100,Oct-08-2019,8170.0,8260.0,8365.0,8095.0,2.28K,-1.03%
1101,Oct-07-2019,8255.0,7900.0,8350.0,7745.0,5.78K,5.36%
1102,Oct-06-2019,7835.0,8217.5,8217.5,7785.0,-,-4.74%
1103,Oct-04-2019,8225.0,8165.0,8310.0,8020.0,1.99K,0.80%
1104,Oct-03-2019,8160.0,8285.0,8435.0,8075.0,2.58K,-1.33%
1105,Oct-02-2019,8270.0,8330.0,8400.0,8185.0,1.86K,-0.66%
1106,Oct-01-2019,8325.0,8360.0,8560.0,8235.0,3.54K,-0.12%
1107,Sep-30-2019,8335.0,8090.0,8415.0,7710.0,4.98K,3.22%
1108,Sep-29-2019,8075.0,7965.0,8172.5,7965.0,-,0.88%
1109,Sep-27-2019,8004.5,8085.0,8140.0,7940.0,0.45K,-1.73%
1110,Sep-26-2019,8145.0,8515.0,8670.0,7710.0,5.37K,-2.46%
1111,Sep-25-2019,8350.0,8670.0,8785.0,8205.0,5.82K,-0.36%
1112,Sep-24-2019,8380.0,9770.0,9780.0,7995.0,10.53K,-14.53%
1113,Sep-23-2019,9805.0,10125.0,10125.0,9690.0,4.65K,-2.39%
1114,Sep-22-2019,10045.0,10232.5,10232.5,10035.0,-,-1.33%
1115,Sep-20-2019,10180.0,10155.0,10355.0,10095.0,2.40K,0.25%
1116,Sep-19-2019,10155.0,10315.0,10450.0,9605.0,4.34K,-0.49%
1117,Sep-18-2019,10205.0,10250.0,10310.0,10120.0,1.58K,-0.97%
1118,Sep-17-2019,10305.0,10305.0,10405.0,10185.0,1.58K,1.68%
1119,Sep-16-2019,10135.0,10335.0,10430.0,10105.0,2.31K,-2.22%
1120,Sep-15-2019,10365.0,10485.0,10502.5,10335.0,-,0.97%
1121,Sep-13-2019,10265.0,10480.0,10560.0,10205.0,2.88K,-1.39%
1122,Sep-12-2019,10410.0,10160.0,10470.0,10085.0,3.10K,2.81%
1123,Sep-11-2019,10125.0,10145.0,10345.0,9900.0,3.53K,0.65%
1124,Sep-10-2019,10060.0,10360.0,10455.0,9945.0,3.40K,-2.99%
1125,Sep-09-2019,10370.0,10490.0,10620.0,10115.0,3.97K,-1.00%
1126,Sep-08-2019,10475.0,10405.0,10522.5,10405.0,-,0.14%
1127,Sep-06-2019,10460.0,10635.0,11130.0,10230.0,6.76K,-1.55%
1128,Sep-05-2019,10625.0,10790.0,10810.0,10530.0,3.61K,-1.94%
1129,Sep-04-2019,10835.0,10840.0,10965.0,10470.0,3.70K,0.32%
1130,Sep-03-2019,10800.0,9795.0,10925.0,9795.0,7.22K,2.78%
1131,Sep-02-2019,10507.5,9895.0,10600.0,9845.0,-,6.38%
1132,Sep-01-2019,9877.5,9657.5,9932.5,9657.5,-,3.06%
1133,Aug-30-2019,9584.0,9500.0,9630.0,9385.0,0.36K,0.83%
1134,Aug-29-2019,9505.0,9695.0,9730.0,9305.0,4.15K,-1.45%
1135,Aug-28-2019,9645.0,10150.0,10320.0,9470.0,5.69K,-5.12%
1136,Aug-27-2019,10165.0,10305.0,10410.0,10030.0,3.66K,-1.60%
1137,Aug-26-2019,10330.0,10030.0,10730.0,9970.0,4.19K,0.78%
1138,Aug-25-2019,10250.0,10237.5,10367.5,10075.0,-,-2.01%
1139,Aug-23-2019,10460.0,10205.0,10535.0,10050.0,3.32K,2.70%
1140,Aug-22-2019,10185.0,10040.0,10255.0,9765.0,3.96K,0.69%
1141,Aug-21-2019,10115.0,10815.0,10890.0,9850.0,5.03K,-6.13%
1142,Aug-20-2019,10775.0,10765.0,11015.0,10590.0,2.56K,0.28%
1143,Aug-19-2019,10745.0,10445.0,10890.0,10305.0,2.65K,3.74%
1144,Aug-18-2019,10357.5,10477.5,10490.0,10167.5,-,-1.50%
1145,Aug-16-2019,10515.0,10400.0,10590.0,9765.0,5.25K,3.80%
1146,Aug-15-2019,10130.0,10240.0,10440.0,9500.0,7.41K,-0.30%
1147,Aug-14-2019,10160.0,10930.0,10955.0,10070.0,6.02K,-7.17%
1148,Aug-13-2019,10945.0,11505.0,11570.0,10800.0,4.15K,-5.32%
1149,Aug-12-2019,11560.0,11675.0,11695.0,11340.0,1.83K,-0.82%
1150,Aug-11-2019,11655.0,11640.0,11685.0,11597.5,-,-2.43%
1151,Aug-09-2019,11945.0,11855.0,12235.0,11795.0,3.52K,2.18%
1152,Aug-08-2019,11690.0,12075.0,12205.0,11600.0,2.43K,-1.64%
1153,Aug-07-2019,11885.0,11600.0,12330.0,11325.0,5.02K,0.46%
1154,Aug-06-2019,11830.0,11925.0,12505.0,11700.0,3.81K,-0.67%
1155,Aug-05-2019,11910.0,11070.0,12130.0,11070.0,4.07K,7.03%
1156,Aug-04-2019,11127.5,10725.0,11267.5,10725.0,-,4.98%
1157,Aug-02-2019,10600.0,10595.0,10870.0,10490.0,2.70K,1.44%
1158,Aug-01-2019,10450.0,10160.0,10665.0,10015.0,1.88K,3.31%
1159,Jul-31-2019,10115.0,9725.0,10295.0,9685.0,2.20K,3.90%
1160,Jul-30-2019,9735.0,9565.0,9930.0,9470.0,2.38K,2.15%
1161,Jul-29-2019,9530.0,9575.0,9850.0,9195.0,3.07K,-0.83%
1162,Jul-28-2019,9610.0,9917.5,9917.5,9195.0,-,-1.57%
1163,Jul-26-2019,9763.5,9875.0,9955.0,9645.0,0.92K,-1.03%
1164,Jul-25-2019,9865.0,9780.0,10215.0,9735.0,3.90K,2.33%
1165,Jul-24-2019,9640.0,10155.0,10155.0,9485.0,5.62K,-5.02%
1166,Jul-23-2019,10150.0,10290.0,10370.0,9860.0,3.69K,0.05%
1167,Jul-22-2019,10145.0,10630.0,10720.0,10070.0,5.22K,-5.28%
1168,Jul-21-2019,10710.0,10595.0,10825.0,10595.0,-,2.39%
1169,Jul-19-2019,10460.0,10635.0,10845.0,10130.0,4.70K,-0.85%
1170,Jul-18-2019,10550.0,9825.0,10825.0,9345.0,8.51K,7.71%
1171,Jul-17-2019,9795.0,9695.0,10025.0,9095.0,8.04K,0.67%
1172,Jul-16-2019,9730.0,10840.0,11155.0,9460.0,8.51K,-10.82%
1173,Jul-15-2019,10910.0,10945.0,11040.0,9915.0,7.60K,6.78%
1174,Jul-14-2019,10217.5,11660.0,11845.0,10117.5,-,-12.89%
1175,Jul-12-2019,11730.0,11405.0,12005.0,11195.0,3.36K,0.00%
1176,Jul-11-2019,11730.0,12130.0,12385.0,11045.0,9.62K,-4.40%
1177,Jul-10-2019,12270.0,12825.0,13480.0,11760.0,10.62K,-3.84%
1178,Jul-09-2019,12760.0,12530.0,13115.0,12330.0,6.43K,2.53%
1179,Jul-08-2019,12445.0,11630.0,12525.0,11500.0,3.93K,6.92%
1180,Jul-07-2019,11640.0,11217.5,11760.0,11217.5,-,3.15%
1181,Jul-05-2019,11285.0,11485.0,12230.0,10910.0,8.76K,-0.13%
1182,Jul-04-2019,11300.0,12165.0,12230.0,11200.0,-,-0.62%
1183,Jul-03-2019,11370.0,10890.0,11765.0,10855.0,6.77K,3.46%
1184,Jul-02-2019,10990.0,10685.0,11120.0,9805.0,6.87K,5.93%
1185,Jul-01-2019,10375.0,11505.0,11505.0,10150.0,9.77K,-5.38%
1186,Jun-30-2019,10965.0,12052.5,12052.5,10880.0,-,-6.79%
1187,Jun-28-2019,11763.8,10865.0,12020.0,10815.0,0.39K,8.37%
1188,Jun-27-2019,10855.0,12500.0,13340.0,10285.0,23.27K,-21.82%
1189,Jun-26-2019,13885.0,11520.0,13915.0,11520.0,21.33K,22.01%
1190,Jun-25-2019,11380.0,11035.0,11525.0,11010.0,10.35K,3.97%
1191,Jun-24-2019,10945.0,10925.0,11160.0,10615.0,9.90K,-0.77%
1192,Jun-23-2019,11030.0,10125.0,11220.0,10125.0,-,10.52%
1193,Jun-21-2019,9980.0,9615.0,10060.0,9560.0,6.91K,3.69%
1194,Jun-20-2019,9625.0,9320.0,9705.0,9260.0,5.35K,4.51%
1195,Jun-19-2019,9210.0,9020.0,9255.0,8985.0,2.22K,1.04%
1196,Jun-18-2019,9115.0,9365.0,9575.0,8985.0,6.73K,-2.83%
1197,Jun-17-2019,9380.0,9065.0,9495.0,9055.0,6.93K,3.30%
1198,Jun-16-2019,9080.0,9065.0,9247.5,9060.0,-,7.58%
1199,Jun-14-2019,8440.0,8365.0,8515.0,8215.0,2.08K,1.87%
1200,Jun-13-2019,8285.0,8180.0,8330.0,8070.0,2.08K,1.10%
1201,Jun-12-2019,8195.0,7930.0,8340.0,7830.0,3.93K,3.47%
1202,Jun-11-2019,7920.0,7980.0,8085.0,7720.0,2.54K,-1.12%
1203,Jun-10-2019,8010.0,7675.0,8115.0,7515.0,3.26K,4.50%
1204,Jun-09-2019,7665.0,8200.0,8200.0,7515.0,-,-4.31%
1205,Jun-07-2019,8010.0,7765.0,8175.0,7740.0,2.93K,5.26%
1206,Jun-06-2019,7610.0,7745.0,7915.0,7460.0,4.39K,-2.87%
1207,Jun-05-2019,7835.0,7525.0,7970.0,7435.0,2.85K,2.75%
1208,Jun-04-2019,7625.0,8560.0,8565.0,7515.0,11.78K,-11.75%
1209,Jun-03-2019,8640.0,8730.0,8865.0,8385.0,4.64K,-2.26%
1210,Jun-02-2019,8840.0,8610.0,8865.0,8550.0,-,5.06%
1211,May-31-2019,8414.2,8290.0,8440.0,8100.0,-,-2.39%
1212,May-30-2019,8620.0,8660.0,9125.0,8345.0,11.45K,-0.81%
1213,May-29-2019,8690.0,8730.0,8775.0,8420.0,11.72K,-0.17%
1214,May-28-2019,8705.0,8660.0,9035.0,8550.0,18.55K,-2.00%
1215,May-27-2019,8882.5,8835.0,9065.0,8775.0,-,0.54%
1216,May-26-2019,8835.0,8067.5,8920.0,8067.5,-,9.28%
1217,May-24-2019,8085.0,7845.0,8230.0,7815.0,12.00K,3.52%
1218,May-23-2019,7810.0,7685.0,7895.0,7485.0,10.99K,-1.76%
1219,May-22-2019,7950.0,8030.0,8075.0,7710.0,10.83K,-1.24%
1220,May-21-2019,8050.0,8065.0,8140.0,7840.0,7.78K,2.55%
1221,May-20-2019,7850.0,8075.0,8380.0,7620.0,15.20K,-4.82%
1222,May-19-2019,8247.5,7055.0,8375.0,7055.0,-,14.87%
1223,May-17-2019,7180.0,7940.0,7990.0,6320.0,15.47K,-8.83%
1224,May-16-2019,7875.0,8185.0,8445.0,7725.0,19.97K,-4.26%
1225,May-15-2019,8225.0,7815.0,8300.0,7815.0,13.41K,5.72%
1226,May-14-2019,7780.0,8145.0,8385.0,7630.0,26.37K,-2.14%
1227,May-13-2019,7950.0,7150.0,8030.0,6870.0,31.43K,13.82%
1228,May-12-2019,6985.0,6262.5,7240.0,6262.5,-,9.74%
1229,May-10-2019,6365.0,6125.0,6430.0,6110.0,9.80K,4.95%
1230,May-09-2019,6065.0,5905.0,6120.0,5850.0,6.97K,2.80%
1231,May-08-2019,5900.0,5885.0,5915.0,5640.0,7.02K,0.94%
1232,May-07-2019,5845.0,5700.0,5985.0,5685.0,10.09K,1.74%
1233,May-06-2019,5745.0,5735.0,5795.0,5565.0,7.08K,0.39%
1234,May-05-2019,5722.5,5785.0,5815.0,5712.5,-,0.93%
1235,May-03-2019,5670.0,5390.0,5800.0,5355.0,13.23K,5.19%
1236,May-02-2019,5390.0,5285.0,5415.0,5280.0,4.55K,1.70%
1237,May-01-2019,5300.0,5250.0,5350.0,5250.0,3.56K,1.34%
1238,Apr-30-2019,5230.0,5140.0,5285.0,5090.0,4.09K,1.75%
1239,Apr-29-2019,5140.0,5095.0,5185.0,5070.0,3.42K,-0.19%
1240,Apr-28-2019,5150.0,5345.0,5345.0,5042.5,-,-0.24%
1241,Apr-26-2019,5162.3,5400.0,5400.0,4945.0,1.29K,-5.97%
1242,Apr-25-2019,5490.0,5440.0,5510.0,5380.0,3.54K,1.01%
1243,Apr-24-2019,5435.0,5580.0,5625.0,5370.0,11.09K,-2.77%
1244,Apr-23-2019,5590.0,5400.0,5665.0,5375.0,10.60K,3.61%
1245,Apr-22-2019,5395.0,5275.0,5450.0,5255.0,9.80K,1.70%
1246,Apr-21-2019,5305.0,5212.5,5305.0,5212.5,-,-0.28%
1247,Apr-19-2019,5320.0,5320.0,5320.0,5320.0,-,0.47%
1248,Apr-18-2019,5295.0,5230.0,5325.0,5205.0,6.45K,1.15%
1249,Apr-17-2019,5235.0,5215.0,5285.0,5185.0,6.70K,0.67%
1250,Apr-16-2019,5200.0,5030.0,5235.0,5025.0,6.80K,3.79%
1251,Apr-15-2019,5010.0,5110.0,5200.0,4945.0,10.08K,-3.05%
1252,Apr-14-2019,5167.5,5102.5,5192.5,5062.5,-,2.02%
1253,Apr-12-2019,5065.0,5030.0,5125.0,4900.0,7.93K,-0.20%
1254,Apr-11-2019,5075.0,5300.0,5355.0,4965.0,11.27K,-6.28%
1255,Apr-10-2019,5415.0,5220.0,5480.0,5160.0,7.84K,3.74%
1256,Apr-09-2019,5220.0,5290.0,5320.0,5150.0,8.97K,0.19%
1257,Apr-08-2019,5210.0,5165.0,5370.0,5130.0,16.17K,0.19%
1258,Apr-07-2019,5200.0,4985.0,5275.0,4985.0,-,3.59%
1259,Apr-05-2019,5020.0,4935.0,5070.0,4890.0,9.56K,3.72%
1260,Apr-04-2019,4840.0,5210.0,5275.0,4780.0,21.78K,-6.02%
1261,Apr-03-2019,5150.0,4810.0,5325.0,4810.0,16.12K,7.85%
1262,Apr-02-2019,4775.0,4135.0,5095.0,4130.0,10.44K,15.76%
1263,Apr-01-2019,4125.0,4090.0,4145.0,4040.0,1.90K,0.98%
1264,Mar-31-2019,4085.0,4087.5,4095.0,4047.5,-,0.15%
1265,Mar-29-2019,4079.0,4005.0,4100.0,4000.0,0.58K,1.72%
1266,Mar-28-2019,4010.0,4010.0,4035.0,3995.0,1.89K,0.12%
1267,Mar-27-2019,4005.0,3905.0,4035.0,3905.0,4.11K,2.56%
1268,Mar-26-2019,3905.0,3885.0,3915.0,3880.0,2.00K,0.26%
1269,Mar-25-2019,3895.0,3965.0,3970.0,3845.0,2.41K,-1.70%
1270,Mar-24-2019,3962.5,3935.0,3967.5,3935.0,-,-0.44%
1271,Mar-22-2019,3980.0,3970.0,3995.0,3955.0,1.70K,0.38%
1272,Mar-21-2019,3965.0,4015.0,4060.0,3900.0,3.77K,-1.12%
1273,Mar-20-2019,4010.0,3990.0,4020.0,3965.0,2.56K,0.38%
1274,Mar-19-2019,3995.0,3970.0,4015.0,3950.0,2.33K,0.88%
1275,Mar-18-2019,3960.0,3965.0,4025.0,3935.0,2.76K,-0.19%
1276,Mar-17-2019,3967.5,3887.5,4002.5,3887.5,-,1.73%
1277,Mar-15-2019,3900.0,3850.0,3910.0,3845.0,2.94K,1.43%
1278,Mar-14-2019,3845.0,3840.0,3905.0,3775.0,4.46K,0.00%
1279,Mar-13-2019,3845.0,3855.0,3870.0,3820.0,2.11K,0.00%
1280,Mar-12-2019,3845.0,3845.0,3880.0,3790.0,2.96K,0.26%
1281,Mar-11-2019,3835.0,3885.0,3915.0,3810.0,3.54K,-1.60%
1282,Mar-10-2019,3897.5,3815.0,3902.5,3810.0,-,0.19%
1283,Mar-08-2019,3890.0,3905.0,3920.0,3845.0,3.78K,0.52%
1284,Mar-07-2019,3870.0,3855.0,3890.0,3830.0,4.09K,0.78%
1285,Mar-06-2019,3840.0,3835.0,3900.0,3810.0,4.10K,0.13%
1286,Mar-05-2019,3835.0,3675.0,3865.0,3655.0,4.97K,3.93%
1287,Mar-04-2019,3690.0,3780.0,3795.0,3660.0,4.58K,-2.32%
1288,Mar-03-2019,3777.5,3817.5,3817.5,3752.5,-,-1.11%
1289,Mar-01-2019,3820.0,3785.0,3830.0,3780.0,1.83K,0.79%
1290,Feb-28-2019,3790.0,3765.0,3875.0,3745.0,6.75K,2.16%
1291,Feb-27-2019,3710.0,3780.0,3815.0,3620.0,4.84K,-1.72%
1292,Feb-26-2019,3775.0,3805.0,3820.0,3745.0,3.07K,-1.18%
1293,Feb-25-2019,3820.0,3770.0,3845.0,3705.0,5.87K,2.90%
1294,Feb-24-2019,3712.5,3940.0,3940.0,3707.5,-,-5.55%
1295,Feb-22-2019,3930.8,3885.0,3955.0,3885.0,0.39K,0.92%
1296,Feb-21-2019,3895.0,3920.0,3985.0,3855.0,5.43K,-1.02%
1297,Feb-20-2019,3935.0,3910.0,3965.0,3870.0,5.23K,0.00%
1298,Feb-19-2019,3935.0,3600.0,3970.0,3595.0,15.94K,1.75%
1299,Feb-18-2019,3867.5,3632.5,3917.5,3617.5,-,6.62%
1300,Feb-17-2019,3627.5,3562.5,3647.5,3562.5,-,1.75%
1301,Feb-15-2019,3565.0,3565.0,3620.0,3545.0,2.60K,0.00%
1302,Feb-14-2019,3565.0,3575.0,3595.0,3530.0,2.12K,-0.14%
1303,Feb-13-2019,3570.0,3575.0,3630.0,3555.0,2.81K,-0.97%
1304,Feb-12-2019,3605.0,3595.0,3625.0,3550.0,3.94K,0.00%
1305,Feb-11-2019,3605.0,3610.0,3650.0,3580.0,5.08K,-1.10%
1306,Feb-10-2019,3645.0,3592.5,3647.5,3592.5,-,0.83%
1307,Feb-08-2019,3615.0,3350.0,3730.0,3325.0,9.87K,8.23%
1308,Feb-07-2019,3340.0,3345.0,3370.0,3335.0,1.73K,0.00%
1309,Feb-06-2019,3340.0,3405.0,3420.0,3310.0,3.78K,-1.76%
1310,Feb-05-2019,3400.0,3390.0,3415.0,3380.0,1.57K,0.15%
1311,Feb-04-2019,3395.0,3380.0,3415.0,3375.0,2.95K,-0.07%
1312,Feb-03-2019,3397.5,3435.0,3435.0,3377.5,-,-0.80%
1313,Feb-01-2019,3425.0,3385.0,3440.0,3345.0,4.69K,0.88%
1314,Jan-31-2019,3395.0,3420.0,3455.0,3365.0,4.07K,-0.44%
1315,Jan-30-2019,3410.0,3360.0,3435.0,3345.0,3.31K,1.19%
1316,Jan-29-2019,3370.0,3385.0,3395.0,3300.0,2.45K,-0.30%
1317,Jan-28-2019,3380.0,3485.0,3515.0,3325.0,4.35K,-3.36%
1318,Jan-27-2019,3497.5,3450.0,3517.5,3450.0,-,-1.76%
1319,Jan-25-2019,3560.0,3560.0,3580.0,3510.0,0.49K,-0.14%
1320,Jan-24-2019,3565.0,3545.0,3590.0,3520.0,2.79K,0.85%
1321,Jan-23-2019,3535.0,3575.0,3615.0,3510.0,5.04K,-1.26%
1322,Jan-22-2019,3580.0,3525.0,3620.0,3390.0,6.73K,1.78%
1323,Jan-21-2019,3517.5,3527.5,3550.0,3477.5,-,0.00%
1324,Jan-20-2019,3517.5,3522.5,3530.0,3502.5,-,-1.88%
1325,Jan-18-2019,3585.0,3615.0,3630.0,3540.0,2.67K,-0.55%
1326,Jan-17-2019,3605.0,3570.0,3645.0,3515.0,3.56K,1.26%
1327,Jan-16-2019,3560.0,3550.0,3645.0,3545.0,4.11K,0.71%
1328,Jan-15-2019,3535.0,3650.0,3665.0,3490.0,3.79K,-3.15%
1329,Jan-14-2019,3650.0,3490.0,3700.0,3400.0,4.39K,4.51%
1330,Jan-13-2019,3492.5,3485.0,3495.0,3447.5,-,-3.92%
1331,Jan-11-2019,3635.0,3600.0,3685.0,3560.0,4.22K,0.83%
1332,Jan-10-2019,3605.0,3995.0,4020.0,3525.0,5.74K,-9.65%
1333,Jan-09-2019,3990.0,3990.0,4030.0,3950.0,3.68K,0.13%
1334,Jan-08-2019,3985.0,3980.0,4095.0,3925.0,4.17K,0.00%
1335,Jan-07-2019,3985.0,3990.0,4070.0,3945.0,2.76K,-1.06%
1336,Jan-06-2019,4027.5,3800.0,4070.0,3800.0,-,7.54%
1337,Jan-04-2019,3745.0,3755.0,3875.0,3690.0,3.92K,-0.40%
1338,Jan-03-2019,3760.0,3850.0,3870.0,3710.0,3.62K,-1.83%
1339,Jan-02-2019,3830.0,3720.0,3855.0,3685.0,3.23K,0.92%
1340,Jan-01-2019,3795.0,3650.0,3810.0,3605.0,-,3.97%
1341,Dec-31-2018,3650.0,3800.0,3810.0,3600.0,1.96K,-4.01%
1342,Dec-30-2018,3802.5,3805.0,3812.5,3777.5,-,2.53%
1343,Dec-28-2018,3708.6,3560.0,3800.0,3560.0,0.64K,4.03%
1344,Dec-27-2018,3565.0,3800.0,3840.0,3535.0,3.40K,-5.19%
1345,Dec-26-2018,3760.0,3775.0,3850.0,3610.0,2.75K,0.40%
1346,Dec-25-2018,3745.0,4070.0,4070.0,3417.5,-,-7.99%
1347,Dec-24-2018,4070.0,3950.0,4265.0,3925.0,2.42K,3.69%
1348,Dec-23-2018,3925.0,3935.0,3937.5,3912.5,-,3.97%
1349,Dec-21-2018,3775.0,4040.0,4135.0,3605.0,5.62K,-2.58%
1350,Dec-20-2018,3875.0,3675.0,4150.0,3635.0,4.83K,4.87%
1351,Dec-19-2018,3695.0,3550.0,3890.0,3550.0,5.00K,5.72%
1352,Dec-18-2018,3495.0,3475.0,3560.0,3425.0,3.42K,-0.99%
1353,Dec-17-2018,3530.0,3180.0,3570.0,3165.0,4.11K,11.36%
1354,Dec-16-2018,3170.0,3185.0,3187.5,3165.0,-,0.79%
1355,Dec-14-2018,3145.0,3235.0,3265.0,3120.0,3.05K,-2.18%
1356,Dec-13-2018,3215.0,3395.0,3420.0,3190.0,3.80K,-5.99%
1357,Dec-12-2018,3420.0,3345.0,3470.0,3305.0,2.67K,3.01%
1358,Dec-11-2018,3320.0,3380.0,3405.0,3265.0,1.99K,-1.63%
1359,Dec-10-2018,3375.0,3495.0,3580.0,3330.0,1.92K,2.27%
1360,Dec-07-2018,3300.0,3575.0,3595.0,3135.0,6.08K,-8.33%
1361,Dec-06-2018,3600.0,3670.0,3960.0,3360.0,5.77K,-2.83%
1362,Dec-05-2018,3705.0,3950.0,3950.0,3590.0,2.73K,-3.52%
1363,Dec-04-2018,3840.0,3905.0,4015.0,3690.0,3.06K,1.05%
1364,Dec-03-2018,3800.0,4090.0,4130.0,3690.0,3.38K,-6.52%
1365,Dec-02-2018,4065.0,4100.0,4130.0,4040.0,-,2.83%
1366,Nov-30-2018,3953.0,4215.0,4280.0,3870.0,0.72K,-5.43%
1367,Nov-29-2018,4180.0,4195.0,4400.0,4075.0,5.11K,-2.79%
1368,Nov-28-2018,4300.0,3790.0,4365.0,3750.0,6.79K,15.59%
1369,Nov-27-2018,3720.0,3635.0,3790.0,3550.0,6.13K,3.19%
1370,Nov-26-2018,3605.0,3965.0,4055.0,3515.0,8.90K,-8.27%
1371,Nov-25-2018,3930.0,3975.0,3975.0,3895.0,-,-6.21%
1372,Nov-23-2018,4190.0,4435.0,4565.0,4085.0,5.15K,-1.41%
1373,Nov-22-2018,4250.0,4520.0,4565.0,4225.0,-,-3.19%
1374,Nov-21-2018,4390.0,4230.0,4620.0,4165.0,6.54K,3.54%
1375,Nov-20-2018,4240.0,4740.0,4870.0,4015.0,12.83K,-12.31%
1376,Nov-19-2018,4835.0,5500.0,5515.0,4560.0,11.32K,-12.17%
1377,Nov-18-2018,5505.0,5500.0,5515.0,5475.0,-,1.01%
1378,Nov-16-2018,5450.0,5435.0,5550.0,5385.0,3.42K,0.46%
1379,Nov-15-2018,5425.0,5510.0,5590.0,5155.0,8.63K,1.12%
1380,Nov-14-2018,5365.0,6290.0,6290.0,5230.0,8.94K,-14.64%
1381,Nov-13-2018,6285.0,6315.0,6325.0,6225.0,2.53K,-0.63%
1382,Nov-12-2018,6325.0,6290.0,6395.0,6290.0,2.00K,-0.47%
1383,Nov-11-2018,6355.0,6295.0,6365.0,6295.0,-,0.32%
1384,Nov-09-2018,6335.0,6400.0,6415.0,6240.0,2.88K,-1.17%
1385,Nov-08-2018,6410.0,6510.0,6525.0,6370.0,4.42K,-1.54%
1386,Nov-07-2018,6510.0,6430.0,6545.0,6430.0,4.26K,1.48%
1387,Nov-06-2018,6415.0,6395.0,6475.0,6385.0,3.05K,0.39%
1388,Nov-05-2018,6390.0,6400.0,6450.0,6365.0,2.34K,-0.54%
1389,Nov-04-2018,6425.0,6335.0,6450.0,6335.0,-,1.26%
1390,Nov-02-2018,6345.0,6335.0,6375.0,6320.0,1.65K,0.48%
1391,Nov-01-2018,6315.0,6295.0,6335.0,6290.0,1.17K,0.32%
1392,Oct-31-2018,6295.0,6255.0,6340.0,6170.0,3.16K,0.80%
1393,Oct-30-2018,6245.0,6245.0,6290.0,6230.0,1.99K,0.08%
1394,Oct-29-2018,6240.0,6390.0,6440.0,6185.0,3.90K,-2.42%
1395,Oct-28-2018,6395.0,6390.0,6420.0,6385.0,-,0.05%
1396,Oct-26-2018,6391.7,6395.0,6455.0,6375.0,0.73K,-0.21%
1397,Oct-25-2018,6405.0,6420.0,6420.0,6315.0,2.49K,-0.31%
1398,Oct-24-2018,6425.0,6395.0,6490.0,6380.0,2.80K,0.47%
1399,Oct-23-2018,6395.0,6400.0,6425.0,6350.0,1.49K,0.00%
1400,Oct-22-2018,6395.0,6415.0,6445.0,6360.0,1.75K,0.24%
1401,Oct-19-2018,6380.0,6375.0,6405.0,6340.0,1.11K,-0.16%
1402,Oct-18-2018,6390.0,6430.0,6480.0,6330.0,2.76K,-0.47%
1403,Oct-17-2018,6420.0,6445.0,6480.0,6400.0,1.19K,0.00%
1404,Oct-16-2018,6420.0,6390.0,6495.0,6380.0,1.60K,0.47%
1405,Oct-15-2018,6390.0,6165.0,6770.0,6110.0,6.70K,3.82%
1406,Oct-14-2018,6155.0,6165.0,6185.0,6110.0,-,-0.49%
1407,Oct-12-2018,6185.0,6180.0,6225.0,6095.0,1.91K,0.08%
1408,Oct-11-2018,6180.0,6515.0,6535.0,6030.0,4.27K,-5.50%
1409,Oct-10-2018,6540.0,6580.0,6590.0,6450.0,1.70K,-0.61%
1410,Oct-09-2018,6580.0,6620.0,6620.0,6535.0,1.00K,-0.75%
1411,Oct-08-2018,6630.0,6530.0,6675.0,6515.0,1.78K,1.07%
1412,Oct-07-2018,6560.0,6530.0,6590.0,6515.0,-,0.46%
1413,Oct-05-2018,6530.0,6530.0,6580.0,6500.0,0.93K,-0.38%
1414,Oct-04-2018,6555.0,6415.0,6610.0,6405.0,1.70K,2.02%
1415,Oct-03-2018,6425.0,6510.0,6520.0,6345.0,1.36K,-1.31%
1416,Oct-02-2018,6510.0,6550.0,6585.0,6435.0,1.13K,-0.46%
1417,Oct-01-2018,6540.0,6560.0,6625.0,6455.0,1.48K,-0.76%
1418,Sep-30-2018,6590.0,6560.0,6605.0,6560.0,-,-0.38%
1419,Sep-28-2018,6615.0,6685.0,6795.0,6520.0,-,-0.60%
1420,Sep-27-2018,6655.0,6460.0,6745.0,6415.0,3.09K,2.62%
1421,Sep-26-2018,6485.0,6385.0,6535.0,6365.0,3.38K,2.05%
1422,Sep-25-2018,6355.0,6605.0,6605.0,6315.0,3.39K,-3.86%
1423,Sep-24-2018,6610.0,6665.0,6720.0,6555.0,2.08K,-1.49%
1424,Sep-23-2018,6710.0,6680.0,6710.0,6680.0,-,-0.45%
1425,Sep-21-2018,6740.0,6470.0,6775.0,6455.0,3.63K,5.31%
1426,Sep-20-2018,6400.0,6365.0,6435.0,6310.0,1.37K,0.39%
1427,Sep-19-2018,6375.0,6305.0,6535.0,6035.0,3.04K,1.59%
1428,Sep-18-2018,6275.0,6210.0,6370.0,6180.0,1.11K,0.72%
1429,Sep-17-2018,6230.0,6470.0,6525.0,6165.0,2.34K,-4.08%
1430,Sep-16-2018,6495.0,6470.0,6495.0,6465.0,-,-0.46%
1431,Sep-14-2018,6525.0,6450.0,6575.0,6330.0,2.09K,1.40%
1432,Sep-13-2018,6435.0,6295.0,6525.0,6295.0,2.35K,2.31%
1433,Sep-12-2018,6290.0,6270.0,6335.0,6175.0,1.58K,0.96%
1434,Sep-11-2018,6230.0,6260.0,6385.0,6120.0,1.86K,-0.56%
1435,Sep-10-2018,6265.0,6340.0,6350.0,6175.0,1.94K,0.72%
1436,Sep-09-2018,6220.0,6345.0,6350.0,6175.0,-,-2.66%
1437,Sep-07-2018,6390.0,6410.0,6505.0,6280.0,2.48K,-0.62%
1438,Sep-06-2018,6430.0,6925.0,6925.0,6215.0,5.80K,-6.81%
1439,Sep-05-2018,6900.0,7355.0,7395.0,6840.0,4.59K,-6.12%
1440,Sep-04-2018,7350.0,7260.0,7410.0,7190.0,5.31K,1.24%
1441,Sep-03-2018,7260.0,7290.0,7325.0,7190.0,-,-0.41%
1442,Sep-02-2018,7290.0,7275.0,7295.0,7240.0,-,3.70%
1443,Aug-31-2018,7030.0,6980.0,7090.0,6870.0,-,3.15%
1444,Aug-30-2018,6815.0,7045.0,7055.0,6795.0,4.78K,-2.64%
1445,Aug-29-2018,7000.0,7100.0,7120.0,6890.0,3.90K,-1.27%
1446,Aug-28-2018,7090.0,6720.0,7125.0,6715.0,5.22K,5.35%
1447,Aug-27-2018,6730.0,6655.0,6760.0,6650.0,2.40K,0.98%
1448,Aug-26-2018,6665.0,6655.0,6665.0,6655.0,-,0.76%
1449,Aug-24-2018,6615.0,6460.0,6640.0,6450.0,2.66K,3.28%
1450,Aug-23-2018,6405.0,6350.0,6465.0,6225.0,3.55K,0.00%
1451,Aug-22-2018,6405.0,6440.0,6870.0,6250.0,5.38K,-0.31%
1452,Aug-21-2018,6425.0,6395.0,6470.0,6205.0,3.32K,-0.08%
1453,Aug-20-2018,6430.0,6490.0,6515.0,6360.0,2.38K,-0.54%
1454,Aug-19-2018,6465.0,6480.0,6480.0,6465.0,-,-0.23%
1455,Aug-17-2018,6480.0,6265.0,6545.0,6245.0,4.29K,1.17%
1456,Aug-16-2018,6405.0,6400.0,6475.0,6185.0,4.38K,0.47%
1457,Aug-15-2018,6375.0,6105.0,6600.0,6075.0,6.99K,4.94%
1458,Aug-14-2018,6075.0,6240.0,6280.0,5850.0,6.90K,-2.49%
1459,Aug-13-2018,6230.0,6405.0,6555.0,6135.0,7.80K,-1.27%
1460,Aug-12-2018,6310.0,6405.0,6430.0,6290.0,-,-1.25%
1461,Aug-10-2018,6390.0,6555.0,6605.0,6105.0,6.44K,-1.08%
1462,Aug-09-2018,6460.0,6300.0,6545.0,6170.0,6.83K,2.05%
1463,Aug-08-2018,6330.0,6765.0,6785.0,6105.0,8.10K,-9.44%
1464,Aug-07-2018,6990.0,6845.0,7155.0,6825.0,5.04K,1.01%
1465,Aug-06-2018,6920.0,7080.0,7140.0,6870.0,5.12K,-1.49%
1466,Aug-05-2018,7025.0,7070.0,7070.0,7020.0,-,-4.68%
1467,Aug-03-2018,7370.0,7525.0,7560.0,7270.0,5.70K,-2.06%
1468,Aug-02-2018,7525.0,7460.0,7700.0,7430.0,5.55K,-0.27%
1469,Aug-01-2018,7545.0,7695.0,7760.0,7440.0,9.13K,-2.39%
1470,Jul-31-2018,7730.0,8120.0,8200.0,7640.0,9.42K,-4.57%
1471,Jul-30-2018,8100.0,8140.0,8265.0,7845.0,8.14K,-1.16%
1472,Jul-29-2018,8195.0,8140.0,8255.0,8140.0,-,2.95%
1473,Jul-27-2018,7960.0,7960.0,8030.0,7790.0,0.96K,-3.81%
1474,Jul-26-2018,8275.0,8260.0,8310.0,8115.0,6.29K,1.60%
1475,Jul-25-2018,8145.0,8255.0,8490.0,8025.0,11.55K,-1.39%
1476,Jul-24-2018,8260.0,7740.0,8365.0,7680.0,11.46K,6.79%
1477,Jul-23-2018,7735.0,7380.0,7820.0,7335.0,8.55K,4.67%
1478,Jul-22-2018,7390.0,7345.0,7390.0,7345.0,-,0.68%
1479,Jul-20-2018,7340.0,7435.0,7700.0,7270.0,6.98K,-1.48%
1480,Jul-19-2018,7450.0,7325.0,7510.0,7275.0,4.58K,0.74%
1481,Jul-18-2018,7395.0,7385.0,7595.0,7240.0,6.96K,1.23%
1482,Jul-17-2018,7305.0,6665.0,7470.0,6655.0,5.58K,9.44%
1483,Jul-16-2018,6675.0,6370.0,6710.0,6320.0,3.17K,5.28%
1484,Jul-15-2018,6340.0,6365.0,6375.0,6330.0,-,2.84%
1485,Jul-13-2018,6165.0,6160.0,6340.0,6060.0,3.56K,0.08%
1486,Jul-12-2018,6160.0,6355.0,6365.0,6110.0,3.08K,-2.69%
1487,Jul-11-2018,6330.0,6355.0,6380.0,6245.0,2.72K,-0.39%
1488,Jul-10-2018,6355.0,6695.0,6785.0,6295.0,3.08K,-5.08%
1489,Jul-09-2018,6695.0,6745.0,6760.0,6645.0,1.77K,-0.07%
1490,Jul-08-2018,6700.0,6745.0,6760.0,6670.0,-,2.06%
1491,Jul-06-2018,6565.0,6490.0,6640.0,6430.0,2.04K,0.92%
1492,Jul-05-2018,6505.0,6595.0,6795.0,6400.0,6.74K,-1.06%
1493,Jul-04-2018,6575.0,6490.0,6785.0,6400.0,-,-0.08%
1494,Jul-03-2018,6580.0,6645.0,6660.0,6530.0,1.63K,-0.68%
1495,Jul-02-2018,6625.0,6275.0,6680.0,6260.0,3.98K,4.33%
1496,Jul-01-2018,6350.0,6275.0,6395.0,6275.0,-,7.90%
1497,Jun-29-2018,5885.0,5840.0,5930.0,5765.0,-,-3.29%
1498,Jun-28-2018,6085.0,6140.0,6180.0,6025.0,1.96K,-1.22%
1499,Jun-27-2018,6160.0,6210.0,6210.0,5975.0,3.23K,0.00%
1500,Jun-26-2018,6160.0,6255.0,6275.0,6120.0,3.17K,-1.36%
1501,Jun-25-2018,6245.0,6150.0,6345.0,6065.0,4.76K,1.46%
1502,Jun-24-2018,6155.0,6150.0,6155.0,6105.0,-,-0.16%
1503,Jun-22-2018,6165.0,6705.0,6735.0,5960.0,3.83K,-8.12%
1504,Jun-21-2018,6710.0,6705.0,6780.0,6670.0,1.14K,-0.52%
1505,Jun-20-2018,6745.0,6705.0,6815.0,6545.0,2.11K,0.15%
1506,Jun-19-2018,6735.0,6710.0,6840.0,6650.0,1.56K,0.60%
1507,Jun-18-2018,6695.0,6495.0,6785.0,6340.0,2.79K,4.45%
1508,Jun-17-2018,6410.0,6495.0,6495.0,6400.0,-,-1.84%
1509,Jun-15-2018,6530.0,6670.0,6670.0,6440.0,2.49K,-1.58%
1510,Jun-14-2018,6635.0,6275.0,6705.0,6250.0,4.46K,5.82%
1511,Jun-13-2018,6270.0,6470.0,6620.0,6100.0,5.15K,-3.54%
1512,Jun-12-2018,6500.0,6770.0,6890.0,6425.0,3.88K,-3.70%
1513,Jun-11-2018,6750.0,7120.0,7120.0,6610.0,3.86K,0.15%
1514,Jun-10-2018,6740.0,7120.0,7120.0,6650.0,-,-11.95%
1515,Jun-08-2018,7655.0,7670.0,7705.0,7540.0,1.30K,-0.65%
1516,Jun-07-2018,7705.0,7695.0,7780.0,7640.0,1.44K,2.19%
1517,Jun-06-2018,7540.0,7605.0,7695.0,7485.0,1.45K,-1.11%
1518,Jun-05-2018,7625.0,7515.0,7670.0,7360.0,2.07K,1.67%
1519,Jun-04-2018,7500.0,7715.0,7900.0,7460.0,1.63K,-2.91%
1520,Jun-03-2018,7725.0,7735.0,7890.0,7715.0,-,3.83%
1521,Jun-01-2018,7440.0,7550.0,7620.0,7300.0,2.20K,-1.39%
1522,May-31-2018,7545.0,7335.0,7660.0,7335.0,2.10K,3.07%
1523,May-30-2018,7320.0,7505.0,7620.0,7270.0,2.47K,-2.33%
1524,May-29-2018,7495.0,7365.0,7580.0,7050.0,5.05K,5.56%
1525,May-28-2018,7100.0,7375.0,7450.0,7085.0,-,-3.73%
1526,May-27-2018,7375.0,7365.0,7400.0,7355.0,-,0.81%
1527,May-25-2018,7315.4,7315.4,7315.4,7315.4,-,-3.49%
1528,May-24-2018,7580.0,7620.0,7720.0,7230.0,4.43K,-0.13%
1529,May-23-2018,7590.0,8050.0,8075.0,7425.0,4.59K,-7.21%
1530,May-22-2018,8180.0,8345.0,8420.0,8070.0,2.34K,-2.33%
1531,May-21-2018,8375.0,8525.0,8680.0,8320.0,2.70K,-1.70%
1532,May-20-2018,8520.0,8215.0,8680.0,8215.0,-,3.52%
1533,May-18-2018,8230.0,8225.0,8275.0,7915.0,3.39K,0.61%
1534,May-17-2018,8180.0,8290.0,8460.0,8115.0,2.87K,-0.85%
1535,May-16-2018,8250.0,8475.0,8545.0,8115.0,4.98K,-3.57%
1536,May-15-2018,8555.0,8735.0,8850.0,8435.0,4.22K,-2.28%
1537,May-14-2018,8755.0,8660.0,8900.0,8285.0,5.75K,0.81%
1538,May-13-2018,8685.0,8660.0,8755.0,8660.0,-,0.70%
1539,May-11-2018,8625.0,9110.0,9125.0,8380.0,4.98K,-5.12%
1540,May-10-2018,9090.0,9255.0,9415.0,9040.0,3.06K,-2.05%
1541,May-09-2018,9280.0,9185.0,9375.0,8955.0,3.02K,0.49%
1542,May-08-2018,9235.0,9410.0,9490.0,9010.0,4.44K,-2.12%
1543,May-07-2018,9435.0,9605.0,9705.0,9160.0,4.71K,-2.53%
1544,May-06-2018,9680.0,9605.0,9695.0,9540.0,-,0.10%
1545,May-04-2018,9670.0,9710.0,9840.0,9540.0,3.76K,-0.05%
1546,May-03-2018,9675.0,9245.0,9805.0,9180.0,4.18K,5.74%
1547,May-02-2018,9150.0,9070.0,9210.0,8985.0,2.09K,1.84%
1548,May-01-2018,8985.0,9285.0,9315.0,8815.0,3.14K,-4.06%
1549,Apr-30-2018,9365.0,9375.0,9495.0,9140.0,3.00K,-0.69%
1550,Apr-29-2018,9430.0,9375.0,9475.0,9375.0,-,2.15%
1551,Apr-27-2018,9231.1,9130.0,9375.0,9115.0,0.91K,4.13%
1552,Apr-26-2018,8865.0,9170.0,9185.0,8635.0,4.92K,-1.17%
1553,Apr-25-2018,8970.0,9480.0,9765.0,8755.0,10.35K,-5.13%
1554,Apr-24-2018,9455.0,8965.0,9465.0,8920.0,4.68K,6.90%
1555,Apr-23-2018,8845.0,8910.0,9015.0,8775.0,2.95K,3.57%
1556,Apr-20-2018,8540.0,8300.0,8585.0,8235.0,2.32K,3.39%
1557,Apr-19-2018,8260.0,8190.0,8315.0,8100.0,2.72K,1.66%
1558,Apr-18-2018,8125.0,7870.0,8240.0,7860.0,2.83K,3.04%
1559,Apr-17-2018,7885.0,8015.0,8180.0,7805.0,2.68K,-1.19%
1560,Apr-16-2018,7980.0,8005.0,8445.0,7880.0,3.86K,-4.66%
1561,Apr-15-2018,8370.0,8005.0,8400.0,8005.0,-,3.27%
1562,Apr-13-2018,8105.0,7790.0,8235.0,7760.0,3.05K,5.53%
1563,Apr-12-2018,7680.0,6920.0,8105.0,6660.0,4.83K,10.98%
1564,Apr-11-2018,6920.0,6860.0,6970.0,6785.0,1.75K,1.17%
1565,Apr-10-2018,6840.0,6705.0,6880.0,6640.0,1.88K,2.47%
1566,Apr-09-2018,6675.0,7025.0,7225.0,6605.0,3.35K,-5.65%
1567,Apr-08-2018,7075.0,7025.0,7095.0,7025.0,-,6.71%
1568,Apr-06-2018,6630.0,6760.0,6890.0,6485.0,2.42K,-1.92%
1569,Apr-05-2018,6760.0,6790.0,6925.0,6550.0,4.57K,-1.46%
1570,Apr-04-2018,6860.0,7430.0,7440.0,6725.0,2.95K,-8.04%
1571,Apr-03-2018,7460.0,6975.0,7520.0,6965.0,2.27K,6.72%
1572,Apr-02-2018,6990.0,6905.0,7150.0,6775.0,3.54K,2.42%
1573,Apr-01-2018,6825.0,6905.0,6905.0,6775.0,-,-7.64%
1574,Mar-29-2018,7389.9,7885.0,7995.0,7345.0,1.10K,-6.16%
1575,Mar-28-2018,7875.0,8010.0,8100.0,7735.0,3.25K,-0.25%
1576,Mar-27-2018,7895.0,7880.0,8270.0,7760.0,3.74K,-0.19%
1577,Mar-26-2018,7910.0,8650.0,8650.0,7840.0,2.43K,-8.18%
1578,Mar-23-2018,8615.0,8650.0,8770.0,8270.0,2.90K,-0.17%
1579,Mar-22-2018,8630.0,8905.0,9095.0,8500.0,2.12K,-2.92%
1580,Mar-21-2018,8890.0,8990.0,9185.0,8775.0,1.83K,-0.61%
1581,Mar-20-2018,8945.0,8420.0,9025.0,8320.0,2.05K,6.49%
1582,Mar-19-2018,8400.0,8275.0,8720.0,8100.0,2.75K,2.56%
1583,Mar-18-2018,8190.0,8285.0,8285.0,8100.0,-,-4.27%
1584,Mar-16-2018,8555.0,8340.0,8640.0,7885.0,3.07K,3.89%
1585,Mar-15-2018,8235.0,8005.0,8450.0,7700.0,3.09K,-0.48%
1586,Mar-14-2018,8275.0,8905.0,9395.0,8185.0,2.64K,-8.77%
1587,Mar-13-2018,9070.0,9165.0,9515.0,8825.0,3.38K,1.80%
1588,Mar-12-2018,8910.0,9490.0,9940.0,8735.0,2.73K,-7.09%
1589,Mar-11-2018,9590.0,9490.0,9690.0,9480.0,-,6.38%
1590,Mar-09-2018,9015.0,9350.0,9445.0,8390.0,2.74K,-4.10%
1591,Mar-08-2018,9400.0,9970.0,10100.0,9105.0,2.52K,-3.98%
1592,Mar-07-2018,9790.0,10735.0,10880.0,9385.0,1.89K,-8.08%
1593,Mar-06-2018,10650.0,11595.0,11655.0,10570.0,1.58K,-8.31%
1594,Mar-05-2018,11615.0,11350.0,11700.0,11340.0,0.99K,0.74%
1595,Mar-04-2018,11530.0,11345.0,11585.0,11345.0,-,4.25%
1596,Mar-02-2018,11060.0,11035.0,11215.0,10760.0,0.75K,-0.05%
1597,Mar-01-2018,11065.0,10450.0,11100.0,10220.0,1.35K,3.95%
1598,Feb-28-2018,10645.0,10665.0,11005.0,10330.0,1.13K,-0.14%
1599,Feb-27-2018,10660.0,10285.0,10875.0,10100.0,0.76K,4.00%
1600,Feb-26-2018,10250.0,9680.0,10390.0,9270.0,0.75K,7.44%
1601,Feb-25-2018,9540.0,9680.0,9685.0,9540.0,-,-7.55%
1602,Feb-23-2018,10319.4,9975.0,10360.0,9590.0,0.30K,2.32%
1603,Feb-22-2018,10085.0,10505.0,10900.0,9710.0,1.17K,-2.75%
1604,Feb-21-2018,10370.0,11240.0,11340.0,10220.0,1.33K,-11.63%
1605,Feb-20-2018,11735.0,10350.0,11760.0,10315.0,2.08K,4.96%
1606,Feb-19-2018,11180.0,10380.0,11255.0,10315.0,-,7.71%
1607,Feb-18-2018,10380.0,10120.0,10500.0,10120.0,-,3.59%
1608,Feb-16-2018,10020.0,10090.0,10265.0,9675.0,1.10K,-0.69%
1609,Feb-15-2018,10090.0,9400.0,10180.0,9375.0,1.78K,8.61%
1610,Feb-14-2018,9290.0,8505.0,9390.0,8505.0,0.94K,6.78%
1611,Feb-13-2018,8700.0,8925.0,9000.0,8335.0,0.55K,-1.81%
1612,Feb-12-2018,8860.0,8380.0,8920.0,8075.0,0.68K,9.38%
1613,Feb-11-2018,8100.0,8380.0,8380.0,8075.0,-,-5.92%
1614,Feb-09-2018,8610.0,8165.0,8770.0,7715.0,0.76K,3.42%
1615,Feb-08-2018,8325.0,7790.0,8690.0,7645.0,0.91K,0.97%
1616,Feb-07-2018,8245.0,7620.0,8540.0,7235.0,1.38K,9.21%
1617,Feb-06-2018,7550.0,6850.0,7920.0,5970.0,2.23K,3.99%
1618,Feb-05-2018,7260.0,8305.0,8315.0,6870.0,2.19K,-10.81%
1619,Feb-04-2018,8140.0,8590.0,8590.0,8140.0,-,-5.18%
1620,Feb-02-2018,8585.0,8890.0,9075.0,7750.0,2.54K,-5.56%
1621,Feb-01-2018,9090.0,10020.0,10175.0,8480.0,1.49K,-9.10%
1622,Jan-31-2018,10000.0,10000.0,10275.0,9500.0,0.84K,0.60%
1623,Jan-30-2018,9940.0,11120.0,11245.0,9720.0,1.14K,-11.01%
1624,Jan-29-2018,11170.0,11510.0,11775.0,10970.0,0.46K,-4.65%
1625,Jan-28-2018,11715.0,11510.0,11725.0,11510.0,-,7.72%
1626,Jan-26-2018,10875.0,11105.0,11620.0,10250.0,-,-3.29%
1627,Jan-25-2018,11245.0,11090.0,11710.0,10830.0,0.77K,1.17%
1628,Jan-24-2018,11115.0,10790.0,11455.0,10435.0,0.84K,0.18%
1629,Jan-23-2018,11095.0,10625.0,11350.0,9865.0,1.24K,7.15%
1630,Jan-22-2018,10355.0,11300.0,11830.0,9955.0,1.14K,-9.13%
1631,Jan-21-2018,11395.0,11370.0,11480.0,11370.0,-,0.31%
1632,Jan-19-2018,11360.0,11335.0,12030.0,10990.0,0.98K,-3.85%
1633,Jan-18-2018,11815.0,11125.0,12075.0,10645.0,1.71K,7.95%
1634,Jan-17-2018,10945.0,11190.0,11800.0,9225.0,2.66K,-1.93%
1635,Jan-16-2018,11160.0,13600.0,14280.0,11160.0,2.55K,-17.27%
1636,Jan-15-2018,13490.0,13660.0,14280.0,13360.0,-,-1.24%
1637,Jan-14-2018,13660.0,13600.0,13700.0,13600.0,-,-2.04%
1638,Jan-12-2018,13945.0,13000.0,14080.0,12850.0,0.79K,4.18%
1639,Jan-11-2018,13385.0,14500.0,14910.0,12820.0,1.30K,-7.37%
1640,Jan-10-2018,14450.0,14405.0,14720.0,13480.0,0.89K,-2.03%
1641,Jan-09-2018,14750.0,14675.0,15365.0,14185.0,0.86K,-1.04%
1642,Jan-08-2018,14905.0,16425.0,16455.0,13870.0,0.96K,-8.22%
1643,Jan-07-2018,16240.0,16425.0,16455.0,16215.0,-,-2.11%
1644,Jan-05-2018,16590.0,15085.0,16845.0,14870.0,0.81K,11.34%
1645,Jan-04-2018,14900.0,14925.0,15470.0,14205.0,0.76K,-0.50%
1646,Jan-03-2018,14975.0,14900.0,15450.0,14650.0,0.72K,0.81%
1647,Jan-02-2018,14855.0,13955.0,15245.0,13080.0,0.73K,9.79%
1648,Jan-01-2018,13530.0,13955.0,13955.0,13490.0,-,-6.50%
